Time,Moment_AnklePlantarFlexion,Moment_HipAbduction,Moment_HipExternalRotation,Moment_HipFlexion,Moment_KneeFlexion,Force_Ankle_AnteroPosteriorForce,Force_Ankle_AxialMoment,Force_Ankle_MedioLateralForce,Force_Ankle_ProximoDistalForce,Force_Hip_AnteroPosteriorForce,Force_Hip_MediolateralForce,Force_Hip_ProximoDistalForce,Force_Knee_AnteroPosteriorForce,Force_Knee_AxialMoment,Force_Knee_LateralMoment,Force_Knee_MedioLateralForce,Force_Knee_ProximoDistalForce
1.07,8.819458987,-10.56209483,2.058032019,1.121258656,1.448907479,62.94730152,-0.604037868,-270.9162908,-34.34278264,53.74561269,-50.74724664,237.5639688,-16.10629394,0.169655918,-10.53946153,-20.76163181,-171.2546648
1.08,8.830048596,-10.40945548,2.026585407,1.161893278,1.445879724,63.26597796,-0.587144275,-272.1051977,-34.17621373,53.74772689,-49.99167807,235.9556442,-16.1734408,0.170304809,-10.47094966,-20.61476879,-171.2782531
1.09,8.833849215,-10.2747131,1.99936439,1.089269152,1.486333555,63.39656383,-0.562487209,-273.0711577,-33.99041081,53.29348318,-49.00595128,234.9715758,-16.08087233,0.179356852,-10.40283128,-20.55114379,-171.8583587
1.1,8.84361534,-10.18999092,1.98568989,1.010501402,1.521166835,63.48367408,-0.537487474,-273.9940953,-33.97761163,52.94186122,-48.41621306,234.7390188,-16.02760637,0.187164122,-10.40417118,-20.44892836,-173.0087627
1.11,8.891027924,-10.20805424,1.997584426,0.964921391,1.539223229,63.5409824,-0.516736249,-275.1067115,-34.61577147,52.87343783,-48.52558405,235.5532324,-16.12257711,0.195679488,-10.45516963,-20.51492728,-174.1948082
1.12,8.926929605,-10.23593517,2.009946999,0.912613483,1.552021247,63.5903922,-0.497568837,-276.0889024,-35.13030394,52.77410801,-48.64905535,236.466428,-16.25654099,0.203681027,-10.50532603,-20.59912552,-175.4230792
1.13,8.951955496,-10.27318875,2.022839533,0.85294109,1.561399485,63.63606178,-0.479624613,-276.9635512,-35.51534609,52.65418035,-48.78756751,237.522004,-16.41323297,0.211153903,-10.55516218,-20.691113,-176.6921404
1.14,8.966211392,-10.32080148,2.03673167,0.785405904,1.568784767,63.67884214,-0.46269751,-277.7400758,-35.76502559,52.52432992,-48.94871244,238.7728932,-16.5810863,0.217996446,-10.6061011,-20.78782928,-178.0222205
1.15,8.967071272,-10.37549433,2.051215901,0.697568313,1.580352205,63.70487073,-0.445558203,-278.397493,-35.83172996,52.34966499,-49.08956588,240.2937637,-16.72457856,0.224518833,-10.66147497,-20.87463119,-179.5375096
1.16,8.949699331,-10.42961478,2.06445941,0.59770651,1.593398146,63.73704467,-0.428773737,-278.9343397,-35.62780368,52.15372065,-49.18638494,241.9673944,-16.8385651,0.229809629,-10.7125159,-20.93162088,-181.1011675
1.17,8.917919078,-10.49628241,2.0799832,0.493194168,1.603345778,63.77889585,-0.41335264,-279.3728339,-35.21026443,51.96910811,-49.3276593,243.841665,-16.94995619,0.233767021,-10.7634257,-20.99044616,-182.6711019
1.18,8.897023809,-10.54590098,2.091548657,0.376515033,1.628772353,64.01675154,-0.393217234,-280.5455428,-34.59974433,51.72444229,-49.41634485,245.8907026,-17.00413383,0.24050268,-10.82951028,-21.01797411,-184.6613292
1.19,8.767159203,-10.60097759,2.099711225,0.277630471,1.589100866,64.97259428,-0.389333839,-282.7392799,-31.97064497,51.48985361,-49.32318401,248.5612726,-17.44747367,0.237652101,-10.84067976,-21.1091706,-187.214917
1.2,8.583316487,-10.66317535,2.10759275,0.192054478,1.518011176,66.25756992,-0.393391035,-285.3590768,-28.32967435,51.26317781,-49.16917271,251.4808468,-18.05252722,0.229594082,-10.8241773,-21.23400484,-189.8993443
1.21,8.335960586,-10.71354904,2.110071692,0.123149626,1.411333662,67.96269691,-0.405867753,-288.5721324,-23.43347837,51.02353607,-48.84283001,254.4628651,-18.83850786,0.215715155,-10.76779793,-21.37113514,-192.7123302
1.22,8.016313167,-10.74943454,2.108437993,0.0547295,1.271303752,70.19783314,-0.4244939,-292.6846218,-17.00651336,50.66161418,-48.31676738,257.5481671,-19.80874001,0.19773714,-10.67692958,-21.50968859,-195.8983208
1.23,7.614644261,-10.81617387,2.112618914,-0.004414286,1.079189285,73.17365275,-0.455314296,-298.2335228,-8.796860209,50.24813747,-47.89736617,261.7162271,-21.12660313,0.173350475,-10.56444001,-21.75520523,-199.9156936
1.24,7.081646416,-10.92022314,2.114147344,0.028745267,0.765286156,77.47439916,-0.519379204,-306.2016542,2.288430943,49.96959594,-47.73508581,267.5092655,-23.22438096,0.130632353,-10.37062134,-22.23609099,-204.6468935
1.25,6.520146963,-11.05991957,2.119430575,0.173969205,0.362098964,83.5349144,-0.60013068,-318.8621571,15.52192712,49.57097781,-47.8688283,274.5455275,-26.05046966,0.083654999,-10.18202045,-22.98653404,-210.9098042
1.26,6.058361845,-11.16917129,2.105429108,0.422562862,-0.068746466,92.15263098,-0.684313772,-339.8878396,30.33114695,48.9801707,-48.52419388,285.9544881,-29.35868271,0.021786423,-10.31814719,-23.38623873,-223.294127
1.27,5.785223613,-10.77905465,1.933081893,0.948652519,-0.520921311,105.2754414,-0.76380931,-375.1449327,48.17811179,46.31080948,-50.29169117,297.3494124,-32.9883901,-0.048656008,-10.59338951,-23.27525878,-236.4313088
1.28,6.164713715,-8.546850847,1.250966954,2.395161983,-0.905012329,125.2969281,-0.764500428,-433.2700072,66.54861698,42.0126551,-51.91453128,293.734027,-36.26511692,-0.112775774,-10.79667998,-21.09598907,-247.3236444
1.29,7.70877959,-2.30409079,-0.507574337,4.257325305,-0.431252837,152.404173,-0.480007911,-520.4003201,83.18389558,37.33691167,-51.68106165,282.2466789,-36.27525779,-0.056978829,-9.770014689,-17.12247146,-287.0668478
1.3,9.271740324,10.82383379,-4.094181566,5.535670165,1.264869936,186.8888596,0.19968474,-627.797739,118.8411222,24.87857128,-50.43534569,394.529966,-33.64484925,0.213348848,-6.37462394,-9.389043468,-354.2547932
1.31,8.906116995,27.39733266,-8.091676864,7.079214675,2.574294116,215.7176888,1.322827166,-695.6888548,179.3844039,13.83044846,-109.6062734,713.3778419,-46.78780416,1.143972125,-0.986276735,-0.873889505,-457.3446708
1.32,8.798544292,28.43334195,-8.240540966,7.231197669,2.660162136,217.6199407,1.513438752,-699.9213054,185.5727406,11.24863315,-115.4255214,734.4093139,-47.05068271,1.302719983,-0.617500184,-0.263863744,-462.8658013
1.33,8.657720439,28.6450474,-8.193343439,7.49069093,2.566765976,218.7946983,1.633580719,-701.852964,189.8887744,8.915495001,-117.3200528,736.7033695,-46.78140504,1.38649149,-0.543099429,0.156942269,-460.5612839
1.34,8.559185399,28.82324875,-8.140190456,7.781256269,2.471779625,219.9571653,1.756583136,-704.1489968,193.6783071,6.569802691,-118.8647864,738.526831,-46.534837,1.469865907,-0.489611652,0.565751009,-458.5302381
1.35,8.585335869,28.95325869,-8.080919142,8.083526228,2.421175761,220.8404801,1.887868064,-706.8978664,195.6041509,4.399274308,-119.3967933,741.7861867,-46.08402345,1.556894066,-0.38916327,0.965004535,-459.2307498
1.36,8.626295814,29.04537776,-8.014449696,8.401269087,2.359256456,221.7147142,2.020317294,-709.8165885,197.2455503,2.234082135,-119.7107695,744.2277357,-45.61989348,1.64182396,-0.306399803,1.350354156,-459.6444578
1.37,8.683927254,29.09626105,-7.947417725,8.716629494,2.29432916,222.4960736,2.147730679,-712.7265961,198.4468361,0.195496628,-119.7675547,745.8945869,-45.15810783,1.719417953,-0.247848289,1.682088082,-459.9779001
1.38,8.783862904,29.11230286,-7.880407693,8.995646808,2.253848133,223.1695359,2.276125971,-715.9807181,198.9560371,-1.795742618,-119.6729482,750.3721979,-44.41136776,1.790704409,-0.163547944,1.858463349,-462.3651628
1.39,8.888074535,29.08170336,-7.810570725,9.256474868,2.209393008,223.7840729,2.399243077,-719.2805153,199.2549293,-3.630243169,-119.4213748,754.3695734,-43.61302907,1.852988939,-0.094828071,1.988087808,-464.6411028
1.4,8.988957766,29.00278797,-7.736598889,9.497032399,2.158582188,224.2959069,2.516601303,-722.4157501,199.3585455,-5.539956039,-119.3491783,757.1132011,-42.81655075,1.907973548,-0.054331596,2.062258559,-466.3623355
1.41,9.088654753,28.87676961,-7.659280072,9.708976535,2.10695658,224.6962884,2.627959879,-725.401287,199.2548821,-7.288096002,-119.2231861,758.4828597,-42.05721133,1.9560846,-0.045863748,2.072816432,-467.6562923
1.42,9.175568987,28.70171807,-7.584618674,9.88124735,2.055075378,224.9653032,2.725417608,-728.0888328,199.0193694,-8.698866455,-118.7684561,758.4117921,-41.33865881,1.989989084,-0.064287749,2.028622096,-468.4695428
1.43,9.249992507,28.46942276,-7.513132042,10.01441181,2.003415547,225.0889831,2.804917395,-730.4300386,198.602575,-9.704482395,-117.9108025,756.8179547,-40.65907322,2.006230302,-0.113252472,1.919410513,-468.8359595
1.44,9.310795314,28.19366464,-7.449820688,10.11216756,1.953712156,225.0903492,2.864558295,-732.4509707,198.0581682,-10.23612285,-116.6914131,754.0462179,-40.03013685,2.003408736,-0.188180882,1.75232989,-468.8596143
1.45,9.358023516,27.88928964,-7.397404434,10.18137359,1.907518986,225.0043016,2.905111019,-734.2214259,197.4568696,-10.33056748,-115.1600263,750.4660824,-39.46034738,1.982501234,-0.282683673,1.535758974,-468.7070778
1.46,9.409910943,27.57036539,-7.35384308,10.23955537,1.869869508,224.8866772,2.933439833,-736.0235136,196.6941657,-10.11704184,-113.4149233,746.6257877,-38.96997325,1.950061093,-0.396219568,1.267730634,-468.7979308
1.47,9.483571829,27.25639334,-7.316671901,10.3105913,1.84311311,224.7946846,2.958323703,-738.1162125,195.699771,-9.76782209,-111.613963,743.2251643,-38.55966075,1.913877689,-0.521827909,0.960565295,-469.4938425
1.48,9.604041051,26.96875311,-7.279929752,10.42326782,1.83063274,224.7962902,2.993602446,-740.8565042,194.3268912,-9.510512087,-110.1432564,741.0260321,-38.23758184,1.886724108,-0.659200365,0.61164584,-471.2218076
1.49,9.782699665,26.72093528,-7.243327918,10.59658937,1.832256158,224.9202664,3.044487348,-744.3938308,192.4941639,-9.460607115,-108.9789471,740.684452,-37.98023181,1.872127027,-0.795734533,0.249807443,-474.200412
1.5,10.03463243,26.5247351,-7.20275954,10.84311656,1.851373101,225.1809173,3.120690536,-748.8840967,190.0861954,-9.776926283,-108.2807511,742.6368332,-37.79153656,1.878893178,-0.929225254,-0.117381193,-478.631467
1.51,10.35656706,26.38431128,-7.157077392,11.16040625,1.888061761,225.5553587,3.225868595,-754.2485484,187.1397912,-10.54340681,-108.0214719,746.7703396,-37.66331543,1.910283693,-1.056196499,-0.482766959,-484.4579028
1.52,10.74519902,26.29920068,-7.104956063,11.53600032,1.945822806,225.9991118,3.36347233,-760.3808893,183.670426,-11.80541677,-108.2027177,752.8023846,-37.60828651,1.969997398,-1.180059838,-0.849985801,-491.5804445
1.53,11.18142131,26.26231333,-7.048579206,11.94810093,2.024042622,226.4455846,3.530527929,-766.9881328,179.8274193,-13.51036114,-108.7562276,760.1827086,-37.62277414,2.055745936,-1.301986934,-1.219643675,-499.6479683
1.54,11.65249676,26.26586936,-6.989271855,12.3725743,2.125919157,226.8324275,3.725984588,-773.8649401,175.7095593,-15.6127964,-109.6174348,768.3303597,-37.72635756,2.167304548,-1.42883172,-1.601740423,-508.4092657
1.55,11.9245208,24.58499258,-6.818953394,12.78613266,1.924560792,224.3489922,3.446505671,-770.6410085,165.6286762,-10.80118337,-100.4318437,751.4810028,-35.89882565,1.82039057,-1.991372436,-3.014720046,-507.2053572
1.56,9.713902096,13.21042683,-5.305358177,14.43590414,-1.298744042,205.8179429,0.742482004,-691.1334539,140.3632052,33.73205316,-97.25176329,682.4324741,-35.53186437,-0.528097698,-5.744347174,-13.00794909,-447.4447356
1.57,7.122127206,8.991434912,-4.424107316,14.97002865,-3.204969862,190.779344,-0.203063813,-619.8426079,145.6791485,54.9570983,-107.8109876,656.9722846,-36.48906515,-1.316684602,-5.061691763,-12.62030803,-402.4949782
1.58,4.889774258,7.714965493,-4.167040921,13.22288412,-3.482108896,177.5241566,-0.521102947,-564.6084091,158.4470588,62.07211946,-101.1324747,577.8876185,-35.26389733,-1.553083404,-4.117477751,-10.9917708,-361.3876461
1.59,3.340840531,7.721061531,-4.10044289,11.69570986,-3.381561681,167.8009444,-0.498443828,-526.1869559,169.7560095,60.95083452,-89.35316457,516.8849306,-33.22274544,-1.510748965,-3.03109934,-8.535246201,-326.3598805
1.6,2.358728437,8.004862444,-4.130888002,10.48571601,-3.137491081,160.6764673,-0.401304664,-500.5844219,177.0727369,58.9372648,-79.72461086,470.9517413,-30.81822613,-1.435218326,-2.209330605,-6.54231698,-300.0889784
1.61,1.713222928,8.23298823,-4.161274271,9.523059412,-2.869814723,155.3913155,-0.274865339,-483.598866,181.9854099,56.93012133,-72.02919674,435.2146417,-28.6536414,-1.351405164,-1.652499583,-5.097376962,-280.4130318
1.62,1.350598169,8.269564983,-4.152874688,8.741079892,-2.589165987,151.1306681,-0.136792624,-472.4208865,184.1627,55.27696987,-66.08039665,406.0085506,-26.75319326,-1.269463516,-1.366254048,-4.194529765,-265.4102503
1.63,1.115304272,8.1979764,-4.123352489,8.134099028,-2.353297147,147.5273076,-0.000605836,-464.2872698,185.0889389,53.99305153,-61.64357461,383.0730017,-25.23181536,-1.196656147,-1.218880136,-3.628711219,-253.6918738
1.64,0.980451505,7.999102937,-4.061195922,7.663335435,-2.160164833,144.2813074,0.132913413,-458.1092916,184.7738258,53.0051001,-58.10282167,364.0821105,-24.08665108,-1.130708679,-1.195188432,-3.355663513,-244.3792424
1.65,0.915158708,7.685792996,-3.965581249,7.268141629,-1.995387215,141.1523858,0.264916477,-453.0025295,183.4326544,52.1852365,-55.06339929,346.9051423,-23.24841599,-1.06843995,-1.269170866,-3.297825883,-236.4816464
1.66,0.898558894,7.281288641,-3.842904685,6.92610479,-1.856432841,138.0167652,0.39173434,-448.3904351,181.2214384,51.53318224,-52.41312757,330.7837687,-22.6933923,-1.011465558,-1.416554954,-3.395780025,-229.5046024
1.67,0.949070003,6.779090724,-3.685086758,6.60246871,-1.721390027,134.8266908,0.519506496,-444.4161221,178.01518,50.88585607,-49.88496777,314.4837592,-22.37335252,-0.952849772,-1.650657858,-3.638312569,-223.093185
1.68,1.075778077,6.170279638,-3.489952691,6.302901143,-1.590718479,131.490312,0.641325131,-440.7827206,173.5086373,50.3110501,-47.5484958,298.0522951,-22.30554671,-0.895664186,-1.974353576,-4.025886776,-217.1594898
1.69,1.277396004,5.471905187,-3.264730177,6.042435753,-1.471123095,128.1307966,0.751571748,-437.7738953,167.8532618,49.87025069,-45.64753089,282.0242902,-22.56438591,-0.842754072,-2.381633124,-4.548531631,-211.9380506
1.7,1.492231684,4.713586792,-2.997531099,5.892129328,-1.422440801,125.0025802,0.857867024,-435.3117054,162.1879905,49.24979308,-44.89908018,269.1983709,-23.62773647,-0.777304395,-2.80530738,-5.0324623,-207.3619773
1.71,1.808343128,3.797889477,-2.670383333,5.760553801,-1.370164396,121.4831139,0.942604045,-432.4272136,154.2789913,48.68500638,-44.68578348,256.2131465,-24.98381824,-0.710886462,-3.343496068,-5.713585319,-202.9957705
1.72,2.426141428,2.68436261,-2.265917265,5.650274978,-1.221787313,117.1862105,1.017970986,-429.6546234,140.9221168,47.94811851,-44.79290691,242.2785456,-26.27771561,-0.625661793,-4.097009818,-6.706617509,-198.8557533
1.73,3.380958392,1.404825621,-1.791228868,5.522020364,-0.935812213,112.2038376,1.088234464,-427.7134954,121.9280023,46.75725676,-45.1388475,226.6366258,-27.37105102,-0.51030387,-5.079335151,-7.998686213,-194.7242332
1.74,4.956318123,-0.113560409,-1.217741598,5.371786225,-0.37268303,105.5523924,1.158633463,-425.8023582,91.82212152,44.68060948,-46.34683836,209.9707606,-27.55797444,-0.339049894,-6.435707695,-9.848316575,-190.3628602
1.75,7.033358559,-1.902733058,-0.5427331,5.239978285,0.389169174,97.58792187,1.191142031,-423.6598331,52.3156998,42.1482214,-48.72426251,193.6907331,-27.34393142,-0.120846632,-8.123546151,-12.23512043,-186.0686323
1.76,9.787288087,-3.867774474,0.1927498,5.132779443,1.437596825,88.5291746,1.198619595,-423.6910457,1.620566359,38.90086179,-53.71964984,183.461774,-26.59134039,0.172166343,-10.19182566,-15.19327709,-182.5938955
1.77,12.48021998,-6.286564779,1.046849015,5.358148528,2.222355751,79.49812611,1.019325525,-420.4665883,-51.31233272,37.24769769,-61.72607608,191.2717325,-34.83010681,0.588805656,-13.02102354,-21.302871,-204.7756321
1.78,15.19341531,-8.808873257,1.944458131,5.650253756,2.938968285,70.15731668,0.738265306,-414.7870968,-107.0759692,36.15944861,-70.33489539,219.7177023,-45.7035831,1.092871306,-15.94659345,-28.76412445,-236.9607589
1.79,17.58192101,-10.91541964,2.662503007,5.564506875,3.638974208,61.62902083,0.365343132,-408.8077615,-158.438675,35.93628397,-78.67724317,251.7069796,-56.72317053,1.561429069,-18.1126452,-35.02765108,-267.2104351
1.8,19.35862359,-12.5245322,3.174421014,5.220199013,4.071367037,55.10292412,-0.122549093,-402.256118,-200.5100946,35.41949127,-84.85955532,279.1253487,-67.0827634,1.836544922,-19.33576076,-38.22408351,-284.2833083
1.81,20.87173372,-14.04701708,3.619541636,4.874157599,4.207406447,50.14209556,-0.752352717,-395.6968844,-238.6492608,34.1710935,-90.16244912,302.0633446,-77.84015817,1.938853701,-20.21551137,-39.13350732,-289.044206
1.82,22.53838042,-15.47464375,4.002290116,4.573361096,4.226738926,44.84632196,-1.462834404,-386.7461866,-281.5971613,32.72311884,-95.41860459,322.211334,-89.43644198,2.05296309,-21.05570635,-39.69369794,-290.3813242
1.83,24.2627754,-16.60429819,4.304137673,4.122095835,4.21510142,38.8969189,-2.196158329,-373.9383851,-327.3248315,30.94862425,-98.99078745,334.2715102,-101.8459861,2.18462646,-21.62152804,-39.67809844,-290.6175052
1.84,26.07438777,-17.56832149,4.569702543,3.805435337,4.012639962,32.45160452,-2.987554768,-357.0217717,-376.1526802,29.77557058,-103.1896842,337.4248309,-111.6999957,2.34335972,-22.05113971,-39.24391215,-284.0610691
1.85,28.00343669,-18.17217659,4.783260913,3.448712328,3.702870087,25.24898559,-3.739192912,-335.399138,-428.8915365,30.67686088,-108.4131926,334.6711897,-120.7475994,2.539887048,-21.95562505,-38.50456958,-281.9245688
1.86,29.80212339,-18.46341071,4.909325743,3.502594681,2.982731454,19.12329646,-4.548734054,-308.4728953,-479.3494807,35.80767412,-119.1425559,330.2223136,-160.9897595,2.433041689,-21.26776889,-35.48440048,-320.8840833
1.87,31.43018365,-18.00102977,4.875589716,3.522059284,2.12238185,13.02869382,-5.150626407,-278.1755111,-526.0565124,36.0707458,-129.3718173,334.9603443,-205.2784469,2.30019405,-20.08110325,-31.18373141,-357.7192891
1.88,32.77365549,-16.80686617,4.6520292,3.498674498,1.126046865,7.214515501,-5.532385126,-245.6247951,-566.0670049,33.90818198,-133.4994959,329.4304669,-252.0414531,2.080630983,-18.32421693,-25.6651497,-392.9954994
1.89,33.55118836,-14.99315335,4.291289171,3.217405373,0.11396027,1.779031328,-5.658109289,-211.0488175,-593.8411803,23.46020126,-134.5272929,314.6735521,-294.4757144,1.813330776,-16.30845601,-19.59079488,-413.4651244
1.9,33.39503,-12.9931558,3.853015161,2.972047787,-0.998287962,-2.753795165,-5.632197422,-174.6948197,-602.3125074,13.37339719,-131.4893642,295.4104715,-329.7142952,1.443416315,-14.125752,-13.35052293,-419.9648751
1.91,32.37216777,-11.03518838,3.394893732,2.772639702,-2.100438741,-6.502422472,-5.499910003,-137.4120356,-593.0708298,6.09066235,-125.4612544,273.1491708,-355.911755,0.966631683,-11.91369043,-7.219254868,-414.0438785
1.92,30.2928681,-9.2663417,2.967675692,2.573710747,-3.009408362,-9.685904804,-5.258301796,-99.31263253,-562.852166,1.250527352,-117.9009619,247.5572221,-367.4333406,0.416035174,-9.749550533,-1.481325792,-392.186654
1.93,26.55295797,-8.198378591,2.729251654,2.356170011,-3.44826137,-8.809310113,-4.896823513,-62.16332247,-503.0782287,-0.955535969,-112.8090849,222.2538399,-350.9474449,0.032061825,-7.906710081,2.132240777,-345.229868
1.94,21.1112165,-8.226017164,2.754996221,2.357754459,-3.310818784,-3.783829596,-4.089134661,-30.72429734,-420.9255037,-1.573407445,-115.8790549,203.1837786,-301.4838754,0.192515212,-6.619925234,1.145998039,-275.7480784
1.95,14.16820162,-7.918100498,2.628608043,2.527281712,-2.371478839,0.044006227,-3.053024642,-4.436100938,-301.3013297,-0.607495971,-115.5889632,170.2687211,-216.7126772,0.435414593,-5.127732274,-0.49169727,-183.848042
1.96,6.254699323,-5.931143886,1.856962496,3.379614615,-0.882627258,2.00914474,-1.648205246,8.754139361,-143.7080568,5.12152592,-99.06634762,108.4166587,-101.0304997,0.594797967,-2.936939742,-1.475503455,-76.18123806
1.97,0.154758144,-2.318668276,0.476051552,4.937178547,0.148555894,2.391801195,-0.179775671,2.037130981,-2.129078341,21.88607724,-63.81687828,47.04415382,-11.04181504,0.490613156,-0.339227498,-0.527941326,-11.76666358
1.98,-0.545783796,-1.843980857,0.260835028,5.230543668,-0.002957877,11.68455136,0.51572303,-31.31570552,15.88331741,22.7880894,-58.85195869,52.21766207,-10.318672,0.450236161,0.029013607,-0.460078686,-12.14642183
1.99,-0.539719648,-1.88824147,0.245452377,5.223725464,-0.243352311,11.99850822,0.507392987,-31.50497007,15.41685331,21.13415515,-59.26300048,54.6193592,-13.60138568,0.476470626,0.06162844,-0.703659351,-12.7705661
2,-0.530675834,-1.880475864,0.217250102,5.195382499,-0.439152807,12.1584286,0.495690285,-31.32168791,14.92119021,19.76818579,-58.89044983,56.09352616,-16.13365971,0.490231676,0.090613672,-0.863671506,-12.90863195
2.01,-0.519329474,-1.824140577,0.179747607,5.140192827,-0.579235273,12.16639843,0.4813681,-30.81744552,14.42405067,18.69976047,-57.91473686,56.48534277,-17.74309416,0.491630913,0.113397608,-0.936396259,-12.54888391
2.02,-0.506356275,-1.724892558,0.136696375,5.054956718,-0.655004381,12.02871692,0.465216847,-30.05299034,13.95157627,17.96131808,-56.2174039,55.36915443,-18.44106746,0.480887368,0.12711156,-0.924501043,-11.9477669
2.03,-0.492400004,-1.589959548,0.091702499,4.940162973,-0.661224198,11.75568581,0.448028054,-29.09347565,13.52732079,17.55825946,-53.94161632,52.73859992,-18.20294113,0.459560512,0.129884328,-0.832392597,-11.19431435
2.04,-0.478060205,-1.427847306,0.048040164,4.799972406,-0.596449564,11.36166216,0.430572446,-28.00477595,13.17178047,17.48025748,-51.28942188,48.84610284,-17.0638107,0.429810702,0.120824957,-0.667824739,-10.38360289
2.05,-0.463890506,-1.247790108,0.008463755,4.641706446,-0.463212211,10.86498746,0.413584512,-26.85051513,12.90196488,17.67036185,-48.45385879,44.03451028,-15.12554927,0.394055601,0.100362697,-0.441038751,-9.62470381
2.06,-0.450401887,-1.059166363,-0.024925851,4.474772009,-0.267897006,10.28768437,0.397747826,-25.68960941,12.73100432,18.08856507,-45.64472218,38.47128889,-12.48000493,0.355144695,0.069946505,-0.164622533,-8.918114411
2.07,-0.438064356,-0.870866562,-0.05076825,4.309263213,-0.020318016,9.654765676,0.3836783,-24.57411254,12.66773913,18.63024176,-43.5624421,32.8375164,-9.186947887,0.317278749,0.023628244,0.099712631,-8.323954035
2.08,-0.427302613,-0.690665049,-0.06847927,4.154496118,0.266974266,8.993131022,0.37190312,-23.54727575,12.71632432,19.27025544,-41.99413481,27.48452852,-5.491418627,0.281130117,-0.029369668,0.378255955,-7.805209695
2.09,-0.418484049,-0.524665049,-0.078232155,4.017717766,0.579600505,8.330118717,0.362836915,-22.64191389,12.87595644,20.07487188,-41.0162846,22.84784845,-1.520639927,0.248586748,-0.085831398,0.663263074,-7.221922933
2.1,-0.411900195,-0.376893754,-0.080877809,3.903104461,0.902414495,7.691837325,0.356759334,-21.87926633,13.1408433,19.65956482,-40.3036466,19.24933364,1.76285097,0.219638855,-0.150555992,0.980699189,-7.784239353
2.11,-0.407745475,-0.249106028,-0.077810599,3.8111044,1.22064011,7.101470099,0.353798093,-21.26853614,13.50050709,19.37003876,-39.89515764,19.22809186,4.007589843,0.19588146,-0.184938356,1.212553717,-9.992900519
2.12,-0.406098464,-0.140814639,-0.070797333,3.738108254,1.520990434,6.577739221,0.353921625,-20.80719664,13.94042985,19.72956127,-39.76403754,28.73522162,3.652368168,0.153114935,-0.33402379,1.726846651,-17.17388834
2.13,-0.406910723,-0.049486278,-0.061798787,3.676395802,1.792672153,6.133688925,0.35694356,-20.48200782,14.44296197,20.1370049,-40.60881463,38.69724427,3.401952647,0.121729779,-0.384719033,2.091690219,-23.61753378
2.14,-0.410006648,0.029184185,-0.052810161,3.614330807,2.028178948,5.775890304,0.362538288,-20.27052135,14.98831916,20.56611796,-41.51908954,48.08782869,3.224449015,0.098900325,-0.38208964,2.349447213,-29.32364813
2.15,-0.415095182,0.101063959,-0.045744108,3.536853555,2.223786475,5.504107151,0.37026509,-20.14277916,15.55546875,21.04441164,-42.21257068,56.55474557,3.126930846,0.080738692,-0.358094057,2.567681688,-34.18393839
2.16,-0.421791591,0.173527186,-0.042358111,3.426324198,2.379698615,5.311406153,0.379596752,-20.06291251,16.12272977,21.54177198,-42.78242648,64.11875776,3.105154866,0.065465143,-0.315866197,2.767488571,-38.11369503
2.17,-0.429643998,0.255802733,-0.044200433,3.264264769,2.499734513,5.184564999,0.38994711,-19.99032567,16.66775924,22.00247855,-43.07074843,70.74162598,3.141022859,0.051791636,-0.259934824,2.958759085,-41.16057391
2.18,-0.43816377,0.359055887,-0.05255357,3.03276405,2.590854034,5.104908309,0.400699189,-19.88071996,17.16746895,22.34986117,-42.74425236,76.35817298,3.207089738,0.038613928,-0.197492523,3.14650787,-43.50789269
2.19,-0.446846799,0.49739794,-0.068293386,2.718740321,2.661930409,5.049007806,0.411224965,-19.68640595,17.59666973,22.55912935,-41.97205606,81.37905208,3.26944195,0.023630702,-0.137673714,3.369336182,-45.37250237
2.2,-0.455191191,0.687825766,-0.091637978,2.317852378,2.722518775,4.989729746,0.42090829,-19.35688027,17.92695987,22.53820999,-40.81113167,85.8690472,3.360271441,0.003449248,-0.0993593,3.661940115,-47.0198647
2.21,-0.462700729,0.949787132,-0.121679517,1.841509698,2.781003694,4.897109332,0.429168228,-18.83941529,18.12479197,22.43611169,-39.77245668,91.47066492,3.380944483,-0.022730495,-0.072088749,4.05602621,-48.86364188
2.22,-0.468874833,1.302447657,-0.155643613,1.326269821,2.842337383,4.739314122,0.435491221,-18.08033015,18.14940565,22.26558754,-39.30647774,98.60626787,3.388018523,-0.057516516,-0.058936389,4.5634909,-51.17077947
2.23,-0.473181004,1.757635012,-0.187850284,0.846265897,2.905210391,4.48379063,0.43947656,-17.02738979,17.95075704,22.14052296,-39.65938308,107.9640367,3.431170058,-0.102577292,-0.040942223,5.184739109,-53.99084069
2.24,-0.47500746,2.305137471,-0.208587391,0.526366059,2.958826619,4.099046703,0.440897523,-15.63422503,17.46832677,22.01589054,-41.10835327,120.2166692,3.422038694,-0.149049033,0.054764876,5.867107383,-57.19300015
2.25,-0.473602155,2.887673848,-0.203779008,0.546163205,2.980420964,3.557997551,0.439771444,-13.86863408,16.63333321,21.70567312,-43.9058148,133.8303686,3.528896807,-0.186856678,0.2916626,6.464279678,-59.6078909
2.26,-0.46803784,3.370755057,-0.157672756,1.109204534,2.937061864,2.844348326,0.436414006,-11.72847313,15.38059114,20.65726362,-46.65590905,144.0540281,4.081011684,-0.201139598,0.740708365,6.490441917,-60.40003545
2.27,-0.457318094,3.536140364,-0.061793539,2.337768374,2.798514342,1.963049327,0.431421473,-9.269288371,13.68047486,19.81707207,-50.54695168,151.8853292,5.51398623,-0.219654986,1.073029099,6.476424015,-60.02812279
2.28,-0.440794675,3.156851631,0.070274412,4.089926622,2.56544215,0.951925922,0.425501403,-6.638154089,11.59501436,20.52216673,-56.55318999,160.7088299,8.088662371,-0.277594086,0.877556593,7.324411324,-59.85384426
2.29,-0.418858345,2.176733761,0.195462295,5.839345431,2.297450047,-0.116488288,0.419138985,-4.080561193,9.326094955,22.03231109,-62.67860304,163.2339097,11.15440699,-0.3231737,0.608272111,7.531321091,-57.62830512
2.3,-0.393306157,0.856136374,0.261293761,6.865947213,2.100968766,-1.15452782,0.412313062,-1.873915972,7.182436137,23.40260309,-66.37111965,158.3826255,13.96028115,-0.346871443,0.367247786,6.797319979,-55.71690779
2.31,-0.366706398,-0.336613308,0.244850525,6.723801206,2.064573422,-2.091199741,0.404593405,-0.205967565,5.44418259,24.00844698,-66.02639307,151.7889536,15.8766723,-0.33202947,0.307884399,5.30737027,-56.52210007
2.32,-0.341201575,-1.030143995,0.167119424,5.511422309,2.202416206,-2.889307109,0.395543347,0.896993891,4.236334316,22.69582368,-59.58204281,143.6177059,17.24310482,-0.297924435,0.405239219,3.521433862,-62.06809185
2.33,-0.317874717,-1.12880393,0.068558149,3.686280567,2.461809321,-3.539591997,0.384990016,1.535215634,3.52112584,19.74238331,-48.85134873,136.1339485,18.80459726,-0.243849547,0.607224948,1.869981405,-70.66993187
2.34,-0.296964831,-0.750134412,-0.020266544,1.725490803,2.76850408,-4.046958944,0.37298472,1.85376091,3.175244266,16.31009987,-37.61659424,131.9112667,20.74208205,-0.176525341,0.864525221,0.607470848,-80.18718684
2.35,-0.278345703,-0.079726391,-0.087748387,-0.048479101,3.059995913,-4.421168911,0.359672826,1.986453222,3.062080288,13.76897577,-29.45228862,133.1646748,22.84671207,-0.105859411,1.141134178,-0.188703036,-88.96373061
2.36,-0.261841305,0.715273174,-0.135912849,-1.46839463,3.293163347,-4.672378063,0.345177027,2.037567078,3.063029595,12.77488164,-25.73826308,140.4194612,24.79449797,-0.040818361,1.408086889,-0.551445494,-95.85896527
2.37,-0.247349397,1.517111023,-0.172027992,-2.469560499,3.442412677,-4.810012098,0.329623705,2.082445893,3.087242769,14.68688106,-32.22000624,158.4055279,26.35392923,0.042760468,1.635798783,-0.693715295,-98.82674525
2.38,-0.234864674,2.250422188,-0.203390473,-3.042055008,3.493879646,-4.842177389,0.313149483,2.172668153,3.068184285,16.76989096,-38.36840548,175.519676,27.0634352,0.097228334,1.819738524,-0.525106117,-99.16057297
2.39,-0.224472551,2.872626833,-0.234742845,-3.205995845,3.442520492,-4.776138439,0.295944026,2.340357964,2.961691644,18.76474287,-43.19216191,189.2923902,27.1432797,0.110115756,1.860028947,0.162545518,-98.09442169
2.4,-0.236746266,3.28141401,-0.265677923,-3.081334692,3.310169997,-3.961269507,0.291585163,1.167764291,3.775569435,20.33468656,-46.08581643,194.6838487,26.53943073,0.111742824,1.795390792,0.857281897,-94.66888211
2.41,-0.374653113,3.065134237,-0.288780812,-3.113092706,3.202749776,0.879187063,0.365905696,-8.442089829,10.67050894,20.77411175,-45.48500595,191.6004908,25.91688486,0.137884113,1.411506838,0.78350727,-95.22988381
2.42,-0.657646219,2.139703729,-0.315326174,-3.300622775,3.091099449,10.37749736,0.520838119,-27.49443147,24.38254356,20.09866094,-40.53187446,177.585562,25.05415494,0.182693691,0.630419776,-0.108228177,-99.31297759
2.43,-1.052543927,0.671333328,-0.354190027,-3.415799416,2.884433783,23.52288393,0.720405203,-53.33569974,42.95717677,18.66446758,-31.30442236,149.5809797,23.19711688,0.229350313,-0.473558797,-1.537848736,-102.1100665
2.44,-1.509481904,-1.012616547,-0.393898,-3.335333075,2.566086321,38.78371603,0.925890481,-82.60422672,64.04075327,16.86400158,-19.69297261,112.3411006,20.17770656,0.269577614,-1.712646144,-3.107878846,-101.7408783
2.45,-1.977491637,-2.546290381,-0.411797824,-3.080957296,2.191891527,54.54009085,1.109524013,-112.1518749,85.49345937,15.28878716,-9.225858559,77.82809731,16.40779276,0.305935535,-2.85196681,-4.489011304,-99.20224028
2.46,-2.421778969,-3.656022464,-0.394148803,-2.677495105,1.804552583,69.56695023,1.254585209,-139.5623229,105.4305647,16.35659258,-20.33093667,89.08649638,12.45624078,0.339789093,-3.738684074,-5.344294219,-95.6042083
2.47,-2.820840009,-4.26995601,-0.337121075,-2.248513062,1.460209687,83.15462735,1.362374541,-163.802266,123.0459366,16.61253596,-29.94889891,97.79122676,8.85656952,0.381339112,-4.304936451,-5.811476836,-91.60628937
2.48,-3.165793705,-4.592791523,-0.253373651,-1.885595212,1.15692892,95.14517497,1.44313508,-185.0026073,138.2555505,16.51563756,-37.14941101,104.1505603,5.641978285,0.430214611,-4.705966918,-6.003156391,-87.99805036
2.49,-3.454034442,-4.696702353,-0.157446243,-1.488639084,0.835041054,105.6784844,1.489351394,-203.3026603,151.0268621,16.28265934,-42.79999717,107.0127779,2.388083041,0.475209961,-4.99517493,-5.943354793,-82.28114865
2.5,-3.68860502,-4.664148217,-0.057659698,-1.071733464,0.486770551,114.9618454,1.504861049,-219.2624078,161.7110023,15.98078533,-47.43170877,106.8847673,-0.909977881,0.51422948,-5.221828671,-5.726110308,-74.28641358
2.51,-3.850284604,-4.544193763,0.037646187,-0.619707057,0.10695653,122.4420579,1.485482204,-232.0416673,169.5411055,15.2170936,-50.70744579,109.0134851,-4.14594556,0.551459647,-5.255034853,-5.688902353,-71.5064414
2.52,-3.973355255,-4.450211044,0.123411888,-0.083340794,-0.354491981,129.2822859,1.438810122,-243.6916309,175.9578001,14.81117811,-52.76040943,117.690264,-7.762434723,0.582648874,-5.124805053,-5.959315125,-77.94946087
2.53,-3.74413933,-4.340509205,0.215526956,0.464149537,-0.70466272,135.9786394,1.169672457,-260.6889145,193.4604186,14.65270449,-55.18319984,124.040618,-10.20501921,0.617121076,-5.082385915,-6.028719594,-83.38983164
2.54,-2.594032212,-3.888533526,0.260555124,0.783046755,-0.517933711,126.7830079,-0.343452019,-257.0777301,204.2423795,14.86959091,-54.29031295,120.3895016,-7.826619711,0.600046485,-5.3733905,-4.795571553,-87.60893071
2.55,-1.896728317,-3.319238867,0.071205167,0.594343577,-0.358510911,101.9200424,-2.152326648,-213.8751391,165.8931748,16.47651234,-44.91646692,117.9765442,-6.551230586,0.379124799,-5.716057822,-3.587983537,-95.58947628
2.56,-1.526105617,-2.473547283,-0.230376771,0.434376657,-0.358556343,92.43877083,-3.430143045,-192.7677262,144.6492562,21.28681719,-30.66687986,110.2543361,-6.995236668,0.05469873,-5.838179752,-2.321428744,-106.7736905
2.57,-0.542395313,-1.334607627,-0.450074466,0.300325798,-0.043256498,90.68681611,-4.071711218,-194.8843977,128.2562335,22.94325355,-17.99545727,113.3979961,-7.718764663,-0.084022003,-6.003960951,-1.635461026,-125.6242173
2.58,1.147681674,-0.172610633,-0.642270827,0.359481448,0.52249918,92.80089846,-4.371486872,-211.9786199,109.5735654,26.3480679,-18.33488578,136.5673531,-8.758472699,-0.118495358,-6.478287904,-1.70984264,-149.0085744
2.59,2.799708203,1.015222968,-0.805141846,0.442698111,1.073147947,95.251199,-4.608329136,-229.9414956,91.91147577,29.94133365,-22.25639818,166.552096,-10.26039754,-0.117786789,-6.992426903,-1.542999371,-175.6626468
2.6,4.125607553,2.11205233,-0.87687774,0.545534626,1.453820821,99.00236816,-4.737737843,-248.9160958,80.15347868,32.09187781,-29.65946892,199.2683213,-13.25574661,-0.027524694,-7.292197821,-1.561070352,-203.461436
2.61,5.387987934,3.174838007,-0.905705801,0.518897437,1.873766002,102.595508,-4.757982201,-268.0568525,69.33452197,32.2144807,-40.81964038,237.2972814,-16.56016638,0.137121143,-7.518853514,-1.890085637,-231.4550464
2.62,6.606272536,4.103203566,-0.916853884,0.172879583,2.419835462,105.6318873,-4.673559217,-287.2205257,59.2287569,31.53989153,-52.51501675,279.2098815,-20.20034775,0.366604442,-7.804199564,-2.65040048,-263.3077712
2.63,7.717843044,4.856367996,-0.918022707,-0.18151562,2.913389649,108.5825879,-4.535916239,-306.0389781,50.08187651,30.69234417,-62.24919493,315.563965,-23.83479145,0.604900628,-8.085509661,-3.617095065,-292.3767732
2.64,8.713593077,5.507776122,-0.909647934,-0.542132714,3.367501864,111.5277393,-4.350899625,-324.5188995,42.35451725,29.57515328,-71.01109877,349.1229773,-27.32218685,0.843744956,-8.34871266,-4.515793158,-319.7329184
2.65,9.52364178,6.147660375,-0.875476799,-1.019560656,3.81934623,114.6505013,-4.100395484,-342.7037871,37.48898413,27.81367038,-80.36424948,384.5439021,-30.60849039,1.10351437,-8.561595804,-5.191935111,-347.2076822
2.66,10.07842231,6.808931469,-0.833637161,-1.591682631,4.229154588,118.2706406,-3.817455551,-360.5702363,36.53647449,25.56590386,-90.33021059,420.9140206,-33.54609925,1.359009602,-8.703980407,-5.577743631,-373.0647277
2.67,10.36877878,7.592652931,-0.80767388,-2.108919246,4.532884851,122.8187299,-3.544306343,-378.4618851,39.78496313,23.19040283,-100.7064833,456.7790326,-36.00223527,1.577578715,-8.703711469,-5.521321577,-394.74866
2.68,10.23873002,8.48135773,-0.816021625,-2.639759568,4.669342589,128.9901968,-3.323729777,-396.7993721,49.64113565,20.62495161,-111.0836346,491.5852363,-37.6957214,1.724123329,-8.550897178,-4.832257474,-410.6496415
2.69,9.550575764,9.590607515,-0.919251997,-3.041284574,4.495717875,138.0078054,-3.25676309,-416.7177746,68.40957779,18.64799449,-120.0673711,525.0118533,-38.08988423,1.696643433,-8.16116389,-2.917511752,-418.3064009
2.7,8.118655688,11.15191795,-1.26643867,-2.66894531,3.597535425,152.5630261,-3.601660862,-440.8679475,99.10541489,19.57488478,-122.2634636,549.5561097,-35.98499943,1.229599418,-7.283897899,1.487131891,-408.2473444
2.71,6.261728603,15.57455213,-2.374924766,0.31174599,1.552114924,178.0629139,-4.835553027,-477.869834,141.831072,31.31551754,-126.2332719,597.0215663,-41.30928488,0.090003597,-4.565379051,6.987830231,-403.7007728
2.72,4.80654123,24.84110293,-4.024495166,7.262767814,-1.298503148,206.592495,-6.290567018,-511.3895703,182.5268607,47.92937577,-142.6284321,662.9853019,-52.53873242,-1.244075969,1.233978521,12.14183948,-372.7419149
2.73,5.187356482,25.14310116,-3.866514826,7.934057666,-1.314445794,210.2991754,-5.846405084,-526.4583906,184.1497405,41.37446919,-150.929489,664.4004754,-51.75969511,-0.979798034,1.094511874,12.17990664,-371.0629126
2.74,5.609722951,24.60106301,-3.546815982,8.083067818,-1.131136204,211.9282001,-5.270491637,-538.8284766,183.6689947,33.6920324,-155.7625115,656.1284899,-50.29267465,-0.570126084,0.700186883,11.30805908,-369.6191446
2.75,5.972418456,24.12340437,-3.242497143,8.277375958,-0.948552807,213.1926282,-4.718195783,-549.3352142,183.4562426,26.43362479,-158.1921404,655.3595069,-49.04495714,-0.176991949,0.415132702,10.51818394,-370.0243593
2.76,6.347356738,23.72745804,-2.959443751,8.46815322,-0.71445315,214.0491788,-4.18357121,-558.6442623,182.7675756,19.24381766,-160.8582625,655.10013,-47.23269549,0.200925505,0.153056617,9.85571886,-369.4725552
2.77,6.624834287,23.41949517,-2.723495132,8.650829092,-0.486328118,214.7583317,-3.697537064,-566.395316,182.9157327,12.2645586,-163.7346099,654.8359809,-45.87492404,0.541290729,-0.057147155,9.203143228,-371.1090291
2.78,6.822117513,23.19859507,-2.536692336,8.823607928,-0.260485279,215.3032705,-3.258967458,-572.7336083,183.6698415,7.813941972,-165.5147099,654.6935883,-44.99986979,0.838277123,-0.163904238,8.646933881,-376.0817258
2.79,6.972677222,23.06277119,-2.397680895,8.983232512,-0.024501034,215.6170403,-2.861937728,-577.8486122,184.5839834,3.605400409,-167.2894006,655.1148803,-43.80638945,1.097009282,-0.233089654,8.201474691,-380.1445393
2.8,7.079324688,23.01370293,-2.306125283,9.127364823,0.218945505,215.7396441,-2.503202112,-581.9185186,185.6823464,-0.371541231,-169.0594965,656.081746,-42.33436957,1.319907491,-0.262752578,7.867778855,-383.3224631
2.81,7.149019656,23.04698006,-2.263869741,9.255245476,0.467479775,215.7007597,-2.182489744,-585.1345663,186.9020567,-3.887194729,-170.6520456,657.6173108,-40.58648466,1.505871817,-0.254351148,7.647109049,-385.5489343
2.82,7.206759254,23.15144504,-2.273554687,9.359902607,0.729597957,215.4896942,-1.899067766,-587.7729409,187.9362039,-6.91159338,-171.9471129,659.4548995,-38.58045764,1.655033231,-0.226360753,7.510220788,-386.9415242
2.83,7.232154878,23.32495927,-2.328034716,9.454615787,0.984150654,215.2205641,-1.647636327,-589.9628322,189.1562997,-9.509989281,-172.9636418,661.9197805,-36.45902173,1.772092093,-0.164155577,7.463068014,-387.6800276
2.84,7.229193442,23.55893975,-2.421592985,9.5480455,1.223198448,214.9572316,-1.422845531,-591.9411259,190.5986023,-11.7421355,-173.667886,665.1378656,-34.35189539,1.862467594,-0.071741688,7.48365584,-388.1092281
2.85,7.137997281,23.82308998,-2.541517676,9.708848317,1.378321618,214.9598289,-1.225687303,-593.6602986,193.2408202,-13.5086869,-172.9135211,671.0665103,-34.39232035,1.953846453,-0.021248134,7.200752981,-393.8979774
2.86,7.064367045,24.12655425,-2.685765337,9.881680222,1.522441011,215.041708,-1.039318147,-595.8652863,195.7595748,-15.02110439,-171.7998874,677.7055325,-34.43663467,2.031207789,0.036361537,6.942596216,-399.7862386
2.87,7.00262339,24.46452146,-2.847374612,10.07734653,1.644200258,215.2352071,-0.857588486,-598.6141966,198.2141035,-16.36663785,-170.4268292,685.16344,-34.4207887,2.096724437,0.117350799,6.737123971,-405.5358905
2.88,6.96864673,24.82643213,-3.019654701,10.30624608,1.742280989,215.5710377,-0.67071046,-602.2087988,200.4812072,-17.69289174,-168.9635356,693.4943202,-34.25212056,2.151250776,0.227849671,6.639918303,-411.0263947
2.89,6.992928456,25.19986878,-3.196661401,10.57471086,1.824365102,216.0246266,-0.475208127,-606.84252,202.2083058,-19.08680881,-167.4898414,702.6497753,-34.08187321,2.205488116,0.340130346,6.558787826,-416.7970171
2.9,7.089405663,25.57550484,-3.373143351,10.8883987,1.891518698,216.5933929,-0.267958411,-612.5933405,203.2092364,-20.63296223,-166.0018765,712.5358741,-33.95988209,2.265134436,0.444565158,6.457261456,-423.0619816
2.91,7.244195456,25.95039242,-3.54492474,11.25385809,1.93270925,217.3262399,-0.066605998,-618.3720436,203.0265206,-22.38502678,-164.5688944,723.2092861,-33.8038882,2.329508571,0.560671701,6.377075812,-429.4798348
2.92,7.463647817,26.31652145,-3.70947742,11.67365656,1.947965406,218.181091,0.150153796,-625.1288739,202.0841642,-24.37882783,-163.1910638,734.5694113,-33.64344604,2.401344066,0.682707482,6.293200459,-436.1302746
2.93,7.752993696,26.66509498,-3.863838501,12.15276319,1.935872748,219.1319365,0.3854283,-632.8780261,200.2965125,-26.57495492,-162.0697892,746.7609813,-33.47001152,2.482345402,0.806426574,6.196887472,-442.9197575
2.94,8.113363752,26.98335323,-4.006233136,12.69520337,1.893082814,220.1776587,0.644628975,-641.6997708,197.647854,-28.90636711,-161.2137102,759.7569118,-33.10274893,2.565108636,0.942035631,6.175186534,-449.3809059
2.95,8.540585422,27.26164172,-4.140016741,13.2904037,1.820918185,221.2730544,0.921685155,-651.4488024,194.0905493,-31.39883615,-160.3454734,772.9982351,-32.61498499,2.648096993,1.080828405,6.177083017,-455.6651089
2.96,8.947005379,27.46944706,-4.263048702,13.97685352,1.655313845,222.5040007,1.199986265,-661.368551,190.6248747,-33.70599733,-159.1984726,788.5178143,-33.38421578,2.737923487,1.180154701,5.951649655,-464.8032985
2.97,9.266930977,27.60136262,-4.364153252,14.77861524,1.353288091,223.9026003,1.481581107,-670.7318535,188.0685023,-35.82385454,-158.2779477,808.4080187,-36.24855407,2.849371017,1.22372207,5.385164333,-478.236663
2.98,9.596532637,27.67176011,-4.458529,15.56531667,1.022739492,225.0768251,1.773493223,-679.829022,184.9804867,-37.84523764,-157.7233904,828.1972781,-39.22231639,2.961200494,1.238128885,4.765679144,-490.6867438
2.99,9.907354922,27.68118764,-4.559081159,16.21577022,0.706012925,225.8179593,2.067615549,-688.1129195,181.5419344,-39.57404615,-157.0022981,843.8569321,-42.04895469,3.06393901,1.213800496,4.104053522,-501.0410637
3,10.15569375,27.5967076,-4.694330789,16.55012344,0.461856297,225.7158717,2.331570704,-694.4607422,177.7439809,-40.28351709,-154.847006,850.1548134,-44.21917687,3.123414838,1.127144476,3.431622409,-506.8119929
3.01,10.26154509,27.36129596,-4.907816203,16.30817023,0.370171723,224.1901683,2.50950963,-697.1173329,173.7359482,-38.83158023,-149.5092367,839.6404294,-44.96193407,3.082357864,0.949051067,2.793449112,-504.2614187
3.02,10.14561779,26.89520808,-5.255810311,15.20627962,0.529539109,220.6490955,2.523194115,-694.3485043,169.5276613,-33.68946994,-138.7699394,804.2244082,-43.36286451,2.863262881,0.63948032,2.219394753,-489.5267907
3.03,9.83725881,26.17245741,-5.740849825,13.19991419,1.006326987,215.003332,2.352506486,-686.2636764,164.696568,-24.79176954,-125.9692304,744.8284138,-38.4797773,2.447278527,0.147621918,1.688364578,-459.8950192
3.04,9.272587426,25.2536162,-6.289825998,11.00035835,1.499343346,209.0764667,2.012874349,-675.1688068,162.0140522,-12.4407828,-114.9690876,688.6050291,-34.82796966,1.919392811,-0.551925382,0.622416137,-429.9070134
3.05,8.624145306,24.54477554,-6.772677904,9.628988351,1.702916891,206.6657568,1.692507479,-670.9050427,165.1294831,-2.130461489,-106.6203462,656.0366579,-37.42316733,1.50317541,-1.301504628,-1.36813825,-424.067703
3.06,9.035076823,24.44514034,-7.038733603,9.631603718,1.952887855,207.5641719,1.745404451,-682.9654414,161.069069,1.098871793,-105.1030342,658.1763501,-39.96856103,1.397159754,-1.810383701,-2.974319078,-437.3847689
3.07,10.40179728,24.95214975,-7.099502671,10.9418048,2.170404713,211.1300538,2.166722946,-708.6882551,149.8976858,-1.749837869,-106.916617,694.8077124,-41.87203277,1.56321595,-1.890470403,-3.698242045,-466.1957185
3.08,12.21106531,25.8051271,-6.971764318,12.95029327,2.296039814,216.127203,2.868969392,-741.4443657,136.5067624,-9.107967844,-111.6838306,750.1433125,-42.92138313,1.926880758,-1.602485217,-3.493352804,-499.4074738
3.09,13.96431914,26.66633603,-6.703599626,15.0735885,2.285542538,221.5221805,3.710436173,-775.3062228,125.7253093,-19.70441061,-124.4574652,808.8494519,-43.18910673,2.388358377,-1.24669694,-2.871543282,-525.9385805
3.1,15.30757938,27.21505264,-6.352956812,17.13103452,2.01560649,225.8624485,4.511436432,-802.5104499,118.2243017,-29.03397102,-138.0343175,870.1602744,-48.46760578,2.889797402,-1.174757643,-3.251588757,-557.6956946
3.11,16.42282012,27.50078742,-6.02763146,18.73030716,1.770261864,228.5537104,5.252686758,-824.6649735,111.3017122,-36.63945636,-149.5367726,916.5530493,-54.39694365,3.349396482,-1.316749612,-4.055395393,-584.5236997
3.12,17.38892083,27.54575922,-5.7943255,19.77060736,1.646195332,229.5045477,5.901218518,-842.6645812,103.7208428,-42.06994328,-157.0038607,944.7372694,-59.2444693,3.709206691,-1.592659663,-4.937068678,-602.8790709
3.13,17.00206947,22.8476088,-5.323550196,20.73277508,0.225687503,221.7998457,4.832594207,-819.8204153,85.3576939,-23.01834233,-130.192551,914.1425865,-65.85001632,2.613078328,-3.162242229,-9.643452508,-607.2577518
3.14,12.52226752,9.763213728,-3.738797499,18.78348676,-2.725199536,183.0391488,1.161267956,-664.7959255,59.57930903,47.67509221,-133.125637,753.2259465,-46.08755979,-0.615995535,-6.413187552,-16.29557914,-437.7825377
3.15,6.805048645,9.023019046,-3.994419648,14.29388937,-3.254083914,163.0107014,0.60778203,-565.2431682,112.3709631,60.2369965,-111.2447949,582.5094158,-43.20336245,-1.11754663,-3.66794648,-10.80970187,-354.3598905
3.16,4.214534274,9.076882274,-4.09379284,11.37554013,-3.039849665,150.99419,0.739606814,-517.7414807,137.4898133,57.68000588,-90.14245659,478.309735,-40.73713955,-1.056178288,-2.225050598,-7.1051818,-302.7943515
3.17,3.19246598,8.567293689,-3.984862126,9.561028064,-2.770806493,142.9788702,0.919165211,-495.2655851,145.1549957,55.6419695,-77.31328179,411.073117,-39.8500386,-0.958657543,-1.901329843,-5.746805861,-273.7641157
3.18,2.991096643,7.635961231,-3.719184613,8.366046599,-2.514782996,136.5075364,1.083979467,-483.7630792,142.3861592,54.29395681,-68.97972827,363.1587454,-40.1557525,-0.852077238,-2.194729558,-5.690569948,-256.0728227
3.19,3.357832471,6.645363072,-3.422859455,7.478039627,-2.16330154,130.208224,1.24192506,-476.956562,131.5015795,53.04464537,-63.31691709,325.616955,-40.62093332,-0.726293031,-2.792645968,-6.202464009,-243.2741913
3.2,4.245332662,5.42542982,-3.032433436,6.794710293,-1.709533984,123.5674032,1.373633029,-472.8907248,112.4511733,51.70525379,-59.37304692,293.3864381,-41.30773373,-0.569611678,-3.732774827,-7.320488207,-233.5164548
3.21,5.967375507,3.871987711,-2.497949484,6.227657275,-0.951545138,115.1362018,1.491548777,-469.6559889,79.13173946,49.38183091,-56.51320771,261.7903047,-41.31653653,-0.329279837,-5.158370832,-9.195679625,-224.6067785
3.22,8.506074314,1.898304333,-1.770441885,5.896729797,0.01565669,105.9183382,1.587834475,-470.0579734,33.04175618,45.85651391,-56.02010471,234.2004238,-41.87602966,0.023126625,-7.084343089,-11.81287267,-217.9714176
3.23,11.53982237,-0.436783834,-0.899161185,5.633595689,1.1329724,95.29664725,1.586927308,-468.5796187,-23.72461293,41.89682783,-57.06364517,209.2396317,-42.45107347,0.446036605,-9.363919848,-15.28223341,-212.5681351
3.24,14.80302056,-3.23814035,0.137850658,5.591110368,2.154971915,84.06915164,1.412937197,-464.0354311,-87.90268718,38.4754854,-60.73461666,194.3509311,-49.40196643,1.015040847,-12.19431284,-20.77166482,-221.6420872
3.25,17.88771206,-6.265901032,1.258405107,5.741341629,2.917677821,72.83664683,1.055478884,-454.2504017,-153.1471071,35.61379812,-66.4191073,198.2372655,-62.41090314,1.701915564,-15.23365073,-27.71256928,-242.0948977
3.26,20.27024547,-8.876169475,2.234630648,5.771053088,3.340786776,63.95528988,0.623642205,-444.597808,-206.7255242,36.81826751,-75.7079598,219.2455841,-72.89163087,2.245235069,-17.37870563,-33.19173857,-256.6083315
3.27,21.60096932,-10.83628083,2.891118681,5.562834533,3.299950766,57.28919724,0.052102946,-430.6514536,-245.2147344,38.11048453,-83.64735248,238.5663391,-78.40503311,2.513327284,-18.50609273,-35.83626291,-252.6996514
3.28,22.73468849,-12.46103041,3.411575287,5.231281418,3.138856051,50.64194441,-0.585545163,-412.4766015,-282.7034128,38.8510016,-89.96114888,254.6563645,-81.9035086,2.716853023,-19.17518775,-37.54769432,-244.396494
3.29,23.98094958,-14.02172849,3.910321928,4.915439542,2.897718,43.75030885,-1.357720313,-390.962373,-323.1736888,40.29714162,-97.12436081,269.5565198,-85.21062338,2.899952878,-19.69301623,-38.86631692,-237.6651424
3.3,25.22454896,-15.28915377,4.299376456,4.971616135,2.396880804,37.42847955,-2.198867177,-365.9047176,-363.8569509,43.91846977,-106.280543,280.9234249,-102.4936759,3.105418583,-20.04622163,-39.96532605,-252.3656332
3.31,26.47950996,-16.19565684,4.58092831,5.19563614,1.72866193,32.38491601,-3.08371464,-340.0724235,-402.7456197,45.36126985,-113.9563474,301.1360279,-136.970905,2.934528376,-19.75855715,-37.75827723,-284.9408631
3.32,27.61776511,-16.2843954,4.653568368,5.214997666,1.072394334,27.38159804,-3.765496824,-312.3235589,-438.8322692,45.64137564,-121.7999548,312.3793058,-171.7310891,2.785585559,-18.94641859,-34.49410384,-314.5403454
3.33,28.64950544,-15.89404393,4.618331242,5.068853305,0.368898917,22.16096161,-4.319974059,-281.7945212,-472.9340973,44.74063496,-127.4371232,313.992573,-208.7160893,2.586563809,-17.77545953,-30.34000826,-343.5606947
3.34,29.36334509,-15.09611902,4.495190066,4.700667698,-0.350389011,16.86941494,-4.729635383,-249.1453086,-500.2487507,37.90855701,-132.0710813,307.9374463,-244.1588963,2.359824152,-16.43213085,-25.66890414,-363.9854948
3.35,29.6162669,-13.9380389,4.271575679,4.240448588,-1.11302681,12.05804374,-4.981847481,-216.0436017,-517.1718934,27.6493692,-134.8339522,295.6739565,-275.5606514,2.107580936,-14.95586706,-20.75770986,-374.2868408
3.36,28.97201686,-12.46566865,3.941337404,3.801233967,-1.905454458,7.810695178,-5.058918054,-180.711102,-515.9643363,18.68333916,-133.5883187,277.3631783,-298.5232224,1.784380042,-13.22636901,-15.59716134,-371.9836137
3.37,27.50602008,-10.934274,3.571684496,3.375096137,-2.620214776,3.989938658,-5.014741717,-144.3588928,-498.0492924,11.65633367,-129.201149,254.5237097,-311.1700821,1.391393727,-11.42007749,-10.51508062,-357.6989494
3.38,25.17074671,-9.502760617,3.210669814,2.943904309,-3.136580676,0.571910164,-4.866819541,-107.6758568,-462.6348176,6.918583185,-122.8655549,228.7096448,-310.1811683,0.952939674,-9.641646279,-5.797234259,-330.0939198
3.39,21.74200184,-8.211697452,2.879802369,2.442372852,-3.272753434,-2.578547125,-4.580688939,-70.45565314,-405.7857609,4.767317586,-113.7590657,198.216718,-289.5789941,0.498528778,-7.893971276,-1.65385155,-285.4917602
3.4,17.03024821,-7.354735548,2.651232719,1.973677839,-2.927998866,-0.958579466,-4.002660036,-37.17278321,-328.8197342,4.127654715,-106.2478377,165.7894217,-243.0466398,0.309318468,-6.364704951,-0.055861551,-222.3101671
3.41,11.31966301,-6.367473486,2.336047888,1.669652786,-2.093477398,1.845064143,-2.98677342,-12.85906869,-231.573195,5.087199653,-96.08215356,124.7708048,-171.0403205,0.40899144,-4.856982443,-0.663525459,-144.0904894
3.42,5.392813754,-4.170859214,1.612049654,1.546623465,-0.889914767,2.87985864,-1.715312862,0.624104051,-116.3614326,8.34008359,-73.10711253,62.41099386,-82.71112413,0.453048408,-2.930984754,-0.761790085,-58.64417381
3.43,0.767673806,-1.07892321,0.584930606,1.645451743,0.147263069,2.547886675,-0.459379817,1.983324423,-14.54067363,15.01542349,-40.26466155,-6.585593643,-9.346928269,0.330321066,-0.977037427,0.366800213,5.36022371
3.44,-0.494541822,0.149065458,0.168405312,1.447466109,0.358550129,9.794237289,0.470077542,-24.21843267,12.87691753,18.97128473,-25.61706203,-27.09257216,6.129636543,0.221393559,-0.389597621,1.125457257,14.764104
3.45,-0.486227776,0.318014277,0.09581887,1.028602564,0.28324423,9.847946116,0.457712821,-23.89837857,12.35493468,18.51081492,-20.16596535,-31.61767023,6.0601405,0.171279014,-0.353009079,1.036093221,16.33749848
3.46,-0.475499328,0.517363104,0.018183627,0.561968575,0.27091874,9.751110858,0.443229893,-23.34140653,11.84725481,18.9180137,-17.50163335,-26.54536319,5.858369215,0.105603166,-0.306953342,1.026422377,16.57730807
3.47,-0.462919472,0.7394966,-0.05967598,0.039910801,0.330853382,9.506901271,0.427530298,-22.60802905,11.381039,21.30277874,-18.6736142,-9.857622551,1.667672483,-0.003777605,-0.283345729,1.399278934,8.311447293
3.48,-0.449039839,0.97537731,-0.132964127,-0.543604413,0.46991363,9.1220555,0.411517514,-21.76258443,10.98171381,23.18593012,-20.90431638,10.10087158,-2.198449637,-0.121808404,-0.278747531,1.848771039,-0.759586114
3.49,-0.434388913,1.215186354,-0.197280871,-1.192315586,0.692158853,8.606558802,0.396064061,-20.86933433,10.67212674,25.0426833,-23.55472112,31.66498403,-5.292662675,-0.243056857,-0.297208417,2.361572129,-9.970087643
3.5,-0.419472581,1.449125664,-0.248975522,-1.907324314,0.998591949,7.973390258,0.381986645,-19.98928347,10.4717336,26.76996394,-26.67806981,54.6183736,-7.615092226,-0.363471239,-0.342350647,2.930014044,-19.45102167
3.51,-0.404780532,1.668339093,-0.28545142,-2.687068089,1.387062057,7.238231814,0.370025714,-19.17759101,10.39576302,28.34264367,-30.13028931,78.59278657,-9.093060713,-0.478309,-0.417515014,3.538646562,-29.10856315
3.52,-0.390791808,1.865865554,-0.305393116,-3.527421174,1.852295138,6.41908511,0.360826115,-18.48140729,10.45437193,29.69301897,-33.87927751,103.3594306,-9.722213229,-0.583385066,-0.524301536,4.172531664,-38.8885454
3.53,-0.37797383,2.037503444,-0.308890477,-4.421692848,2.386012932,5.535800117,0.35491635,-17.93801119,10.65186586,30.76693552,-37.89018534,128.7096621,-9.53291863,-0.675354103,-0.663009454,4.81841173,-48.71980162
3.54,-0.366771162,2.182453531,-0.297435391,-5.360385486,2.977113719,4.609524699,0.352686102,-17.57319995,10.98609876,31.53035677,-42.1299928,154.4581238,-8.582952583,-0.75201124,-0.832590426,5.465861295,-58.51127375
3.55,-0.357583189,2.303618792,-0.273778307,-6.330680546,3.611903617,3.662107058,0.354363218,-17.39996466,11.44816982,31.98908228,-46.5719985,180.4864777,-6.965456656,-0.81223141,-1.030870838,6.106964087,-68.1694335
3.56,-0.350733216,2.407439174,-0.24164068,-7.315759873,4.274387956,2.715464575,0.359992931,-17.41754007,12.02249401,32.14688239,-51.16418951,206.5884618,-4.780136768,-0.856251251,-1.254222572,6.738758279,-77.57151628
3.57,-0.346434309,2.503189982,-0.205300563,-8.294206576,4.946650211,1.790959592,0.369422189,-17.61096959,12.68725382,32.14932179,-55.78060603,232.6437367,-2.623754227,-0.887524945,-1.507679861,7.394615586,-87.66474796
3.58,-0.344758935,2.60175928,-0.169096676,-9.239795751,5.60935154,0.908795898,0.382293387,-17.95137694,13.41521172,32.79522497,-59.95725396,259.1957504,-3.442328896,-0.91800358,-1.845076013,8.254468179,-104.9167196
3.59,-0.345619589,2.713987501,-0.136912516,-10.1219777,6.242379882,0.087461077,0.398050945,-18.39715888,14.17483229,33.35574071,-63.9525653,285.0176546,-4.23796576,-0.938777942,-2.193269109,9.133276142,-122.7593182
3.6,-0.348765969,2.848756939,-0.111714922,-10.90726783,6.825663249,-0.656756066,0.415963025,-18.896304,14.93167396,33.8408146,-67.61319847,309.4612551,-4.954334266,-0.952053305,-2.53847776,10.03058921,-140.8091175
3.61,-0.353801326,3.011119748,-0.095225247,-11.56153366,7.340124865,-1.310158928,0.435159311,-19.389956,15.65005209,34.20600246,-70.83852892,331.9177369,-5.560245063,-0.959277965,-2.866049688,10.93988968,-158.6598674
3.62,-0.360217035,3.200820187,-0.087782459,-12.05297621,7.768726075,-1.861942492,0.454683174,-19.81714639,16.29497385,34.42381797,-73.71433062,352.399515,-6.03055738,-0.961055252,-3.162416893,11.83994666,-175.8802733
3.63,-0.367440994,3.411585681,-0.088430854,-12.35540528,8.09750488,-2.304405816,0.473554042,-20.12033718,16.83430663,34.32259336,-76.38503295,370.5587585,-6.351524497,-0.956747459,-3.410077995,12.68821048,-191.9913736
3.64,-0.374892808,3.631494915,-0.09523163,-12.45127808,8.316486863,-2.633070166,0.49083328,-20.25110499,17.2410474,33.90838489,-78.54111714,384.9987142,-6.500804775,-0.945995085,-3.587540994,13.45565981,-206.3510221
3.65,-0.382037512,3.844555524,-0.105759147,-12.33396159,8.420337794,-2.846697903,0.505686037,-20.1750858,17.4954575,32.85735212,-80.6786656,396.5800481,-6.466496939,-0.926592517,-3.67067929,14.02946561,-218.3543064
3.66,-0.388429959,4.03334546,-0.117704131,-12.00876276,8.408644725,-2.947161236,0.517430966,-19.87528602,17.58672662,31.40317226,-81.50693509,406.8866686,-6.47295649,-0.915054616,-3.559313746,14.453651,-227.7749523
3.67,-0.393743967,4.182238524,-0.129467933,-11.49246395,8.285762263,-2.939148167,0.525572441,-19.35312171,17.5138392,29.63076684,-81.09723684,411.9118376,-6.290379692,-0.898518921,-3.315773663,14.64938243,-233.6154622
3.68,-0.39778329,4.280462518,-0.140611792,-10.81130515,8.06021849,-2.829695526,0.529812561,-18.62699881,17.28540114,27.521524,-78.93931961,410.7788583,-5.989752134,-0.869976153,-2.895536063,14.42235286,-235.3047716
3.69,-0.400474795,4.324133109,-0.152027572,-9.997666879,7.743751762,-2.627586805,0.530043581,-17.72874883,16.91834097,25.62139095,-75.42672313,403.7288051,-5.43539603,-0.834063511,-2.399834296,13.95536688,-232.451438
3.7,-0.401847266,4.316593388,-0.165745074,-9.086055723,7.350125149,-2.342774321,0.526326706,-16.69871055,16.43568735,23.98436442,-71.04401618,390.6453401,-4.593795638,-0.791382757,-1.884556616,13.33942508,-225.1418787
3.71,-0.402001366,4.266886919,-0.184391444,-8.109235484,6.893914065,-1.985897837,0.51886217,-15.58040318,15.86375004,22.54486416,-66.07141186,371.5679903,-3.483926779,-0.740127582,-1.368432234,12.58665718,-213.7045329
3.72,-0.401077456,4.18682552,-0.210432039,-7.095412217,6.389483211,-1.568026453,0.507958245,-14.41576413,15.22924382,21.38036128,-60.77469239,347.7847779,-2.329947192,-0.687897231,-0.881073167,11.77636387,-198.900991
3.73,-0.360696586,4.026987473,-0.241850905,-6.079325296,5.853425018,-1.550565875,0.446287088,-12.59510412,14.44606157,20.58331267,-54.95895314,319.8408936,-1.187642077,-0.640310448,-0.484592256,10.84330052,-182.1731319
3.74,-0.094364327,3.49565042,-0.260549889,-5.147373953,5.319169751,-3.693070016,0.129347169,-8.362986748,13.06572737,20.36164508,-47.00009047,284.7008655,-0.270849896,-0.620799859,-0.377553487,9.609333905,-165.6175406
3.75,0.558703833,2.337155202,-0.246767461,-4.398657864,4.833666062,-2.070181613,-0.154601371,-17.2712469,5.759538582,20.67471564,-36.02099368,234.3658268,-4.476644933,-0.735780311,-0.81193472,8.635715727,-154.1129424
3.76,1.735232952,0.17310668,-0.147630491,-3.832424373,4.339244637,1.354026012,-0.540844011,-35.91221272,-10.13202862,21.77564415,-20.07766714,162.1012798,-13.155044,-0.64311122,-2.423822546,4.59215369,-147.9334451
3.77,3.067052783,-2.432461304,0.03709292,-3.294807313,3.759543992,4.38257365,-1.003602532,-56.52583,-29.38621994,21.57551698,-14.11314864,90.84506722,-22.50034351,-0.285399441,-4.699229068,-2.272897614,-139.5297298
3.78,4.166125682,-4.636460521,0.222282648,-2.800546525,3.226482727,7.104406824,-1.268168782,-75.61740033,-45.35110594,21.26541651,-20.65690527,97.98381869,-23.63482987,0.012139109,-6.140833986,-8.439422143,-127.8124813
3.79,5.14441144,-6.467645171,0.407044249,-2.493776875,2.845624897,9.365352781,-1.395802744,-93.68499188,-59.23806835,22.91826884,-28.25661217,119.3479395,-20.84882794,0.26886299,-7.338919935,-13.46534975,-120.3648357
3.8,5.958412787,-7.920011524,0.573165616,-2.268206347,2.568087902,11.70615533,-1.532706855,-109.0784791,-69.328579,24.09844543,-34.32901977,136.6658012,-20.50060219,0.322078573,-8.136000546,-15.97143876,-115.2040833
3.81,6.617076391,-9.045026787,0.718514003,-2.071452511,2.353821426,13.6722144,-1.63035025,-121.5804457,-77.03853091,25.0029159,-39.29278357,149.9172167,-20.57659771,0.350179441,-8.714445443,-17.79073,-111.0793786
3.82,7.156678033,-9.918269299,0.850757563,-1.928210121,2.202446939,15.32152571,-1.688462183,-132.0615501,-82.99728034,26.2148831,-43.94967874,162.8361392,-20.5468265,0.365407175,-9.356738003,-18.72522258,-110.1669505
3.83,7.601401768,-10.61129924,0.970674305,-1.799936578,2.088929304,16.69584296,-1.721399815,-140.7413201,-87.69000175,27.35964315,-47.66696718,173.3597215,-20.48782139,0.378838633,-9.889099822,-19.40616088,-109.9852091
3.84,7.969574025,-11.17126275,1.0799288,-1.679503312,2.002439455,17.87820663,-1.737963973,-148.0205588,-91.3780172,28.41185139,-50.61308532,181.8869862,-20.42372262,0.390584123,-10.31179036,-19.97520708,-110.0928972
3.85,8.270556689,-11.6416309,1.180799961,-1.558877263,1.929187335,18.94917133,-1.745926907,-154.1800398,-94.21520757,29.65591474,-53.02135958,189.558925,-21.04686751,0.4059604,-10.65420559,-20.60900698,-112.8157566
3.86,8.515694195,-12.03814712,1.274100232,-1.442476548,1.868066973,19.9571576,-1.747586741,-159.5022533,-96.31383579,30.96625683,-54.98444708,196.4955876,-22.00930281,0.420639695,-10.9313604,-21.25254085,-116.992846
3.87,8.71673225,-12.36436511,1.359552868,-1.336154736,1.821702626,20.93515645,-1.743104536,-164.2443021,-97.76717165,32.12485962,-56.54379899,202.4648434,-22.69119193,0.427642564,-11.15351339,-21.77922167,-120.5363625
3.88,8.887787006,-12.64608533,1.442048463,-1.273474326,1.802526434,21.88594185,-1.73420495,-168.6855455,-98.74200487,33.04129879,-57.72773348,208.1266473,-23.1478447,0.429725819,-11.34081801,-22.25849803,-123.9696174
3.89,9.028800617,-12.88996207,1.522241865,-1.254032894,1.806539911,22.81911374,-1.721451675,-172.8594502,-99.23494136,33.73846784,-58.57258407,213.529632,-23.3981224,0.427400967,-11.49662301,-22.69265398,-127.2849683
3.9,9.137391236,-13.0913494,1.595717714,-1.238046197,1.813005012,23.77243351,-1.706588855,-176.7142804,-99.22782986,34.34626194,-59.19801295,218.3640551,-23.50305563,0.419227712,-11.6223092,-23.05188937,-130.2469958
3.91,9.22381114,-13.26348848,1.663898506,-1.229669773,1.823158212,24.74491064,-1.691070508,-180.3744853,-98.86705624,34.86869999,-59.66460234,222.8971919,-23.49973132,0.406379706,-11.72887923,-23.36100406,-133.0232962
3.92,9.287789144,-13.41170082,1.72805986,-1.227102617,1.833455918,25.73908658,-1.674832486,-183.8512361,-98.15252988,35.32574424,-60.01371233,227.0901644,-23.41742442,0.390122042,-11.81938504,-23.62559288,-135.6314703
3.93,9.33205857,-13.53905771,1.788523734,-1.225790489,1.841038691,26.75486986,-1.65793279,-187.165731,-97.12732075,35.74965361,-60.28457919,230.9178388,-23.28874191,0.371588457,-11.89755287,-23.85228563,-138.1095885
3.94,9.359541191,-13.64827931,1.845577763,-1.22154792,1.843650115,27.78938923,-1.640405841,-190.3327287,-95.84033871,36.15646673,-60.50753884,234.325256,-23.1212847,0.351896721,-11.96587942,-24.04108399,-140.4127045
3.95,9.371535132,-13.74351499,1.899854608,-1.212585491,1.839668298,28.82948033,-1.62250963,-193.3271436,-94.33308923,36.55001013,-60.71123539,237.290984,-22.93083432,0.331620162,-12.02639354,-24.19618553,-142.5161083
3.96,9.373072936,-13.82916963,1.952036908,-1.200373998,1.830264555,29.86857018,-1.604418675,-196.1912736,-92.68157577,36.93321846,-60.91507998,239.8849796,-22.73360082,0.311618833,-12.08271932,-24.32756547,-144.470661
3.97,9.366278468,-13.91459101,2.004703112,-1.198239575,1.82033124,30.88298628,-1.586207206,-198.9302188,-90.9367541,37.28292336,-61.11800977,242.3179996,-22.53697125,0.292850719,-12.13792885,-24.45608356,-146.4028415
3.98,9.350187017,-14.00099736,2.058382943,-1.206748446,1.809341932,31.86079749,-1.567608814,-201.5045833,-89.10559461,37.59221888,-61.31680983,244.6550579,-22.31483377,0.27702554,-12.19193661,-24.58648195,-148.3041816
3.99,9.328510297,-14.08343666,2.110856801,-1.21131684,1.792545902,32.8149726,-1.548840863,-203.9354161,-87.23819629,37.89708679,-61.5346887,246.7558578,-22.03079699,0.265938284,-12.2465016,-24.7096913,-150.0492927
4,9.300145272,-14.16098438,2.161379136,-1.209964809,1.768864882,33.73403253,-1.530330749,-206.1702336,-85.34463505,38.21161863,-61.77478589,248.5187211,-21.77650501,0.255846519,-12.29735602,-24.8162922,-151.6175888
4.01,9.266784467,-14.23496487,2.2099908,-1.20427741,1.739331262,34.6155319,-1.512322147,-208.224471,-83.45434808,38.53366905,-62.03565351,250.00159,-21.55756541,0.246756714,-12.34516492,-24.91079879,-153.0341136
4.02,9.230194909,-14.30447425,2.256339474,-1.193588326,1.704687636,35.45555976,-1.494761417,-210.1016268,-81.59759248,38.86210626,-62.31224001,251.2055475,-21.37342668,0.238721082,-12.38980053,-24.99339591,-154.2884269
4.03,9.192146877,-14.37059456,2.300494211,-1.179461902,1.666347182,36.25077051,-1.477816851,-211.8153655,-79.80396054,39.19400696,-62.60330838,252.1998329,-21.22525581,0.231626241,-12.43154486,-25.06699306,-155.410918
4.04,9.154578016,-14.43286517,2.341536137,-1.162394043,1.625710655,36.99515565,-1.462164806,-213.3676769,-78.11106696,39.55843339,-62.9745942,253.2669143,-21.11868935,0.224623081,-12.46971006,-25.13292658,-156.4512861
4.05,9.11707356,-14.49081299,2.379945183,-1.142104832,1.5827709,37.69507287,-1.447326096,-214.7744484,-76.50463505,39.92674409,-63.3565203,254.2107762,-21.04791038,0.218165285,-12.50400111,-25.18927431,-157.3815148
4.06,9.079966512,-14.54492207,2.416011813,-1.119267837,1.538135577,38.35350991,-1.43324751,-216.051816,-74.98621617,40.29039728,-63.7305738,255.015581,-21.01377584,0.212360365,-12.53523206,-25.24049876,-158.226267
4.07,9.043574244,-14.59592684,2.450002741,-1.094478837,1.492317547,38.97330505,-1.419980245,-217.2149385,-73.5590513,40.64837298,-64.09535836,255.7124447,-21.01521367,0.2071543,-12.56373602,-25.28877095,-159.0016664
4.08,9.008437029,-14.64373547,2.48195961,-1.0681323,1.446046116,39.55636281,-1.407534508,-218.2779194,-72.22632229,40.99799502,-64.44610934,256.320766,-21.04712297,0.202436514,-12.58944184,-25.33364314,-159.7125922
4.09,8.975066883,-14.68853526,2.512009435,-1.040849641,1.400065483,40.1043654,-1.395917225,-219.2549302,-70.99041087,41.3365554,-64.77929476,256.8634119,-21.10537568,0.198139252,-12.61260165,-25.37602658,-160.3707035
4.1,8.943924658,-14.73065953,2.540327465,-1.013301188,1.355051556,40.61890783,-1.385126531,-220.1595877,-69.85279357,41.66175877,-65.09259703,257.3629091,-21.18623462,0.194217768,-12.63358124,-25.41711405,-160.9887317
4.11,8.915455831,-14.77089168,2.567248292,-0.986482331,1.311703346,41.10203702,-1.375130757,-221.008304,-68.81120731,41.97150626,-65.38591164,257.8438039,-21.28623427,0.190689208,-12.65300232,-25.45856775,-161.580908
4.12,8.890034742,-14.80966414,2.592967639,-0.960987676,1.270499506,41.55502517,-1.365918354,-221.8122562,-67.86638542,42.26448716,-65.65865185,258.3251867,-21.40248738,0.187532584,-12.67129111,-25.50151032,-162.1589803
4.13,8.867955308,-14.84705581,2.617541292,-0.937046806,1.231710245,41.97841723,-1.357498786,-222.5775133,-67.02194089,42.54002463,-65.90957974,258.8209366,-21.53274347,0.184690539,-12.68866144,-25.54653416,-162.7324019
4.14,8.849489494,-14.88355173,2.641160773,-0.915198641,1.195623443,42.37324347,-1.349859476,-223.3126591,-66.27795401,42.79751215,-66.13926513,259.3469077,-21.67515906,0.182159248,-12.70551845,-25.59456199,-163.3115192
4.15,8.834855991,-14.91963416,2.664005541,-0.895935812,1.162437082,42.74047751,-1.34298877,-224.0250189,-65.63402754,43.03664702,-66.3486728,259.9170805,-21.82872475,0.179949145,-12.72228955,-25.64670654,-163.9069465
4.16,8.824215763,-14.95570908,2.686222264,-0.879641013,1.132251416,43.08108333,-1.336875479,-224.7204873,-65.08928381,43.25745744,-66.53895636,260.5422736,-21.99286039,0.178071191,-12.73934346,-25.7038434,-164.5276144
4.17,8.817689407,-14.99217014,2.70794335,-0.866566849,1.10504835,43.39480548,-1.331521417,-225.4046012,-64.64284291,43.46047293,-66.71213834,261.230632,-22.16876935,0.176579253,-12.75706904,-25.76699997,-165.1834703
4.18,8.815319502,-15.02915017,2.729217573,-0.856967598,1.080862829,43.68281242,-1.326918421,-226.0789083,-64.29248179,43.64559966,-66.86814631,261.9868138,-22.35537283,0.175452651,-12.7756143,-25.83614779,-165.8777154
4.19,8.817021144,-15.06709297,2.750171869,-0.851047057,1.059537957,43.94717621,-1.323052616,-226.7464553,-64.03491648,43.81373216,-67.00943453,262.8174603,-22.55229718,0.174671794,-12.79516915,-25.91153785,-166.6141072
4.2,8.821981839,-15.10631438,2.77092891,-0.848798659,1.040586652,44.18796565,-1.319934117,-227.3983475,-63.85982759,43.96589813,-67.13870092,263.7174536,-22.76013321,0.174193263,-12.81556359,-25.99274489,-167.3882692
4.21,8.83275089,-15.14692052,2.791361136,-0.850934131,1.025211372,44.410405,-1.317510701,-228.0757421,-63.78891422,44.10143828,-67.25322374,264.7263824,-22.9828253,0.174324332,-12.83887499,-26.08750217,-168.251616
4.22,8.844966863,-15.1885272,2.811600895,-0.855821249,1.011001233,44.60947428,-1.315807683,-228.7143329,-63.77743318,44.22390647,-67.36042462,265.767429,-23.2071685,0.174359299,-12.86099027,-26.17620713,-169.0976706
4.23,8.860970633,-15.2313827,2.831552709,-0.864281164,0.999140816,44.7909107,-1.31478652,-229.3552072,-63.84415335,44.33272755,-67.4574045,266.8864378,-23.44744994,0.17490596,-12.88528531,-26.27663871,-170.0117262
4.24,8.879541875,-15.27578348,2.851354722,-0.876038966,0.988982377,44.95492258,-1.314437372,-229.9851262,-63.97376108,44.42965258,-67.54816629,268.0691232,-23.69823023,0.175733351,-12.9107024,-26.38265288,-170.9646968
4.25,8.900386059,-15.32094173,2.870793147,-0.890415127,0.980321677,45.10261877,-1.314694919,-230.6008661,-64.15984851,44.51538849,-67.63191034,269.2960485,-23.95748746,0.176797798,-12.93688172,-26.49247346,-171.9450757
4.26,8.922999246,-15.36676017,2.889856382,-0.90703383,0.972910723,45.23521428,-1.315515832,-231.1991157,-64.39367687,44.59120548,-67.71028925,270.5578549,-24.22375808,0.178059416,-12.96366414,-26.60529362,-172.945212
4.27,8.946837193,-15.41311631,2.908539438,-0.925521083,0.966534037,45.35385112,-1.316842047,-231.7763147,-64.6658529,44.65824576,-67.78486402,271.8439155,-24.4950745,0.17947849,-12.99086115,-26.72023147,-173.9563196
4.28,8.971469283,-15.45931739,2.926691341,-0.945325337,0.96109761,45.45936518,-1.318572193,-232.3286408,-64.96797265,44.71685674,-67.85489358,273.1354736,-24.76817261,0.181016425,-13.01808191,-26.8356376,-174.9656736
4.29,8.997068748,-15.5050392,2.944232193,-0.966204914,0.956841734,45.55358296,-1.320601327,-232.862638,-65.29739477,44.76730862,-67.92001466,274.4284293,-25.0394966,0.182671642,-13.0453773,-26.9509741,-175.9703425
4.3,9.020264793,-15.54985494,2.961251693,-0.986921578,0.952200435,45.63362218,-1.322890241,-233.3333292,-65.61676867,44.81214492,-67.98471777,275.6686661,-25.30756035,0.184244782,-13.07109086,-27.06228662,-176.9252663
4.31,9.044869291,-15.59360604,2.977531978,-1.008332496,0.949354906,45.70591459,-1.325243884,-233.8007418,-65.95897337,44.84913359,-68.04359079,276.9048347,-25.56598342,0.18594222,-13.09703381,-27.17266497,-177.8707997
4.32,9.067464598,-15.63589655,2.993187312,-1.029247836,0.946757401,45.76730441,-1.327614387,-234.2193205,-66.28629423,44.88066911,-68.10106371,278.0830753,-25.81302755,0.187565712,-13.12152203,-27.27818227,-178.7615428
4.33,9.088264372,-15.67640414,3.00817378,-1.049605668,0.944780234,45.81940084,-1.32986271,-234.5970103,-66.5963033,44.90650063,-68.15608032,279.2009068,-26.04456282,0.189135009,-13.14459288,-27.37848082,-179.5958364
4.34,9.106807194,-15.71482419,3.022487125,-1.069171864,0.943433184,45.86280381,-1.331870053,-234.9316902,-66.88027537,44.92682792,-68.20857559,280.2470905,-26.25707531,0.190629873,-13.16595924,-27.47257595,-180.3643576
4.35,9.12219452,-15.75096613,3.036143002,-1.08739251,0.942375674,45.89717381,-1.333569763,-235.2131105,-67.1264343,44.94271517,-68.26008923,281.2049463,-26.44789131,0.19197671,-13.18517654,-27.55909304,-181.0515186
4.36,9.136843447,-15.78468799,3.049012873,-1.104853978,0.94303276,45.92629814,-1.334809978,-235.4793607,-67.35537706,44.9522057,-68.30625108,282.1051032,-26.61253,0.193310624,-13.20334928,-27.63996723,-181.6826298
4.37,9.14635962,-15.8158475,3.061326954,-1.120274683,0.943275325,45.94556473,-1.335602787,-235.6708414,-67.52138309,44.95882331,-68.35424494,282.8854714,-26.75142766,0.194385025,-13.21838807,-27.71088587,-182.2047766
4.38,9.153445073,-15.84467202,3.073038207,-1.134662367,0.94467769,45.95883075,-1.335823972,-235.8299232,-67.64879637,44.96009336,-68.39971133,283.5886962,-26.86115439,0.195362607,-13.23164066,-27.77473545,-182.6517453
4.39,9.157923318,-15.87111637,3.084167492,-1.147973507,0.947216083,45.96646927,-1.335423027,-235.9566801,-67.73409914,44.95625216,-68.44263649,284.2123473,-26.94072392,0.196238134,-13.24300438,-27.83131786,-183.0213957
4.4,9.156870111,-15.89524874,3.094908354,-1.159607073,0.949447612,45.96517277,-1.334436465,-236.011341,-67.74735251,44.94894242,-68.48717732,284.720026,-26.99157868,0.196857369,-13.25113161,-27.87817298,-183.2823578
4.41,9.154753692,-15.91702224,3.105008698,-1.170650936,0.953597799,45.96114496,-1.332738903,-236.0597202,-67.73172753,44.935814,-68.5265077,285.1709167,-27.01106728,0.197466125,-13.2580587,-27.91925848,-183.4858487
4.42,9.147940286,-15.93647854,3.114674044,-1.180244496,0.957739602,45.95016311,-1.330421342,-236.0509524,-67.65119519,44.91939639,-68.56592153,285.5182708,-27.00241739,0.197867289,-13.26208859,-27.95142394,-183.5927125
4.43,9.140129059,-15.95399131,3.123794408,-1.189780271,0.963720818,45.93677497,-1.327422821,-236.0387443,-67.5430038,44.89648227,-68.60011254,285.8203514,-26.96504112,0.198281557,-13.26505723,-27.9789271,-183.6522075
4.44,9.127046256,-15.96917242,3.13247433,-1.197625672,0.969053306,45.91649834,-1.323878051,-235.9621164,-67.36502417,44.87187439,-68.63520636,286.0113773,-26.90349004,0.198452638,-13.26480192,-27.99703724,-183.6119692
4.45,9.112780301,-15.98237295,3.140558812,-1.205196031,0.975683735,45.89427935,-1.319748838,-235.8792385,-67.15921873,44.84244123,-68.66544713,286.1536853,-26.81792915,0.19861696,-13.26332709,-28.01029172,-183.5255461
4.46,9.093790044,-15.99388748,3.14828502,-1.21191616,0.981611574,45.86580466,-1.315197941,-235.7394885,-66.89223709,44.81018155,-68.69641019,286.2073524,-26.71395692,0.198589459,-13.25907669,-28.01621524,-183.3600141
4.47,9.074353032,-16.00314822,3.155211373,-1.218072268,0.988536791,45.83731754,-1.310186486,-235.6023702,-66.60735396,44.77519919,-68.72132021,286.2159406,-26.59192241,0.198573162,-13.25378631,-28.01748136,-183.1583461
4.48,9.054748419,-16.01178095,3.16176895,-1.225174636,0.996896605,45.80520276,-1.304842383,-235.4660802,-66.31357865,44.73407803,-68.74372959,286.2113814,-26.45317492,0.198605881,-13.24821613,-28.01737028,-182.9376394
4.49,9.028906651,-16.01697385,3.167348531,-1.229633984,1.001958825,45.77327609,-1.299323954,-235.2596554,-65.94172181,44.69680424,-68.76321549,286.0750024,-26.31335133,0.198354471,-13.23837717,-28.00621499,-182.629712
4.5,9.005249356,-16.02171246,3.172401784,-1.235125418,1.009181281,45.73762651,-1.293629239,-235.0759793,-65.59225935,44.654285,-68.77970183,285.9509721,-26.15959048,0.198216574,-13.22938888,-27.99562659,-182.3239026
4.51,8.979609385,-16.02449164,3.176611712,-1.23991548,1.015272209,45.70210351,-1.28790175,-234.870372,-65.2170764,44.61164024,-68.79243143,285.7705591,-26.00544247,0.198005948,-13.21868164,-27.98024355,-181.9861029
4.52,8.953083068,-16.02562813,3.179975739,-1.244285469,1.020652766,45.66603026,-1.282229183,-234.6520585,-64.83163233,44.56854923,-68.80162766,285.5500785,-25.85206811,0.197756171,-13.20687949,-27.96144135,-181.6282506
4.53,8.926013235,-16.02509704,3.182424617,-1.248205431,1.025186691,45.6299262,-1.276698549,-234.4236831,-64.44158165,44.5254937,-68.80697128,285.2929924,-25.70260302,0.197474048,-13.1941217,-27.93956415,-181.2562739
4.54,8.898651778,-16.02286603,3.183897226,-1.251626387,1.028718527,45.5941555,-1.271392473,-234.1865675,-64.05157584,44.48292305,-68.80821885,285.0015103,-25.55986942,0.197158476,-13.1804964,-27.91480049,-180.8746793
4.55,8.871218841,-16.01889976,3.184340209,-1.254490817,1.03110719,45.55901884,-1.266385561,-233.9416619,-63.66577971,44.44124719,-68.80515302,284.6773812,-25.4263882,0.196808154,-13.16608088,-27.88733247,-180.487361
4.56,8.843909447,-16.01315994,3.183708755,-1.25673978,1.032237038,45.52473997,-1.261742202,-233.6896516,-63.28790871,44.40080006,-68.79754894,284.3220222,-25.30426779,0.196420674,-13.15094015,-27.85730698,-180.0975643
4.57,8.816891133,-16.00561931,3.181971635,-1.258318813,1.032020454,45.49147057,-1.257515375,-233.4310237,-62.9211642,44.36184835,-68.78522882,283.936701,-25.19517951,0.195993149,-13.13513216,-27.82485314,-179.7079373
4.58,8.790305414,-15.99626275,3.179112089,-1.259182265,1.030402628,45.45928042,-1.253745418,-233.1661045,-62.56822892,44.32457556,-68.76805045,283.5226011,-25.10032566,0.195522435,-13.11870834,-27.79008624,-179.3205402
4.59,8.764389766,-15.98422862,3.174850343,-1.258355819,1.027061979,45.43013225,-1.250450573,-232.8976925,-62.23094052,44.29228789,-68.74426958,283.0666474,-25.02127521,0.194972487,-13.10141882,-27.75149147,-178.9304254
4.6,8.73858135,-15.97304691,3.170346909,-1.259573109,1.023168274,45.39579022,-1.247681534,-232.6135042,-61.91047912,44.25238958,-68.72116522,282.6252651,-24.95479578,0.194465845,-13.084448,-27.71560672,-178.5625171
4.61,8.714088226,-15.95750461,3.16390678,-1.257299369,1.017098766,45.36871261,-1.245378658,-232.3349113,-61.60998444,44.22338638,-68.68705031,282.1207024,-24.90618489,0.193826706,-13.06620106,-27.67312907,-178.1848127
4.62,8.691185813,-15.94090295,3.156611563,-1.255062565,1.010497018,45.34163704,-1.243538868,-232.0614675,-61.33819291,44.19336329,-68.64848708,281.612635,-24.86989011,0.193205083,-13.04817497,-27.6306518,-177.8247436
4.63,8.666096867,-15.92340481,3.148711251,-1.25233525,1.001409471,45.3105362,-1.242244399,-231.7408323,-61.05732395,44.16361204,-68.60980825,281.0613338,-24.84981083,0.19241364,-13.02865776,-27.58548369,-177.448564
4.64,8.644459783,-15.90373755,3.139611936,-1.248605308,0.992497672,45.28350197,-1.241288698,-231.4525147,-60.82067997,44.13625912,-68.56248564,280.507573,-24.83885607,0.191679055,-13.00978147,-27.53947788,-177.0949869
4.65,8.62273708,-15.88296408,3.129848504,-1.244355744,0.982361056,45.25495017,-1.240732446,-231.1473253,-60.59385526,44.10935017,-68.51230851,279.9307295,-24.83900737,0.190866805,-12.99031894,-27.49187848,-176.7398147
4.66,8.601018714,-15.8609753,3.119455927,-1.239276089,0.971173806,45.22497062,-1.24051341,-230.8271114,-60.37645471,44.08378525,-68.45949708,279.3274159,-24.84782243,0.189969613,-12.97027634,-27.44226163,-176.3782886
4.67,8.581882495,-15.83861839,3.10859507,-1.234929434,0.960648077,45.19596954,-1.240518744,-230.5308042,-60.19335322,44.05551833,-68.40115123,278.7507489,-24.86184838,0.189164099,-12.95118752,-27.39466657,-176.0489541
4.68,8.561450481,-15.81524833,3.097375521,-1.229361938,0.948797962,45.16359945,-1.240766076,-230.2029643,-60.00431343,44.02947795,-68.34288517,278.1323396,-24.88090844,0.188207581,-12.93101491,-27.34392939,-175.6945074
4.69,8.542183687,-15.79171604,3.085969465,-1.224108945,0.937288832,45.13019887,-1.24113933,-229.8811924,-59.83280897,44.00168354,-68.28201823,277.5237347,-24.90138496,0.187268669,-12.91123662,-27.29390733,-175.351927
4.7,8.523379492,-15.7681381,3.074519636,-1.218976069,0.925962279,45.09486852,-1.241588575,-229.5569454,-59.67038392,43.97265112,-68.22003354,276.9170681,-24.92167268,0.186321555,-12.89160811,-27.24421237,-175.011986
4.71,8.504996758,-15.74477524,3.063171169,-1.21411923,0.915028,45.05746324,-1.242051822,-229.2314157,-59.51521485,43.94199827,-68.1575829,276.3164393,-24.93916218,0.185355181,-12.87217777,-27.19470194,-174.6736734
4.72,8.486982425,-15.72188999,3.052065016,-1.2096798,0.904667244,45.01791607,-1.242473744,-228.9057116,-59.36538148,43.90946747,-68.09532064,275.7264276,-24.95311188,0.184419376,-12.85315003,-27.14673505,-174.3395773
4.73,8.469290774,-15.69972931,3.041334989,-1.205800035,0.895046339,44.97623263,-1.242802106,-228.581048,-59.21906881,43.87478536,-68.03394211,275.1506935,-24.96084614,0.18348447,-12.83452406,-27.09972004,-174.0080083
4.74,8.451882192,-15.67853053,3.031104741,-1.2026053,0.886302234,44.93252639,-1.242993158,-228.258743,-59.07460082,43.83780302,-67.97411409,274.5932058,-24.961227,0.182566808,-12.81641866,-27.05418822,-173.6801491
4.75,8.434727576,-15.65851651,3.02148629,-1.200205127,0.878543491,44.88700607,-1.243011351,-227.9402172,-58.93051547,43.79846149,-67.91650761,274.0577555,-24.95329696,0.18167712,-12.79894126,-27.01054092,-173.3571924
4.76,8.417814353,-15.63989801,3.012578698,-1.198687621,0.871848449,44.8399673,-1.24283093,-227.6270054,-58.78567731,43.75680073,-67.86182064,273.5479632,-24.93635424,0.180822011,-12.78219675,-26.96910018,-173.040429
4.77,8.401145009,-15.62287054,3.00446693,-1.198116744,0.866262863,44.79178929,-1.242436173,-227.3207226,-58.63927389,43.71296976,-67.81077279,273.0672712,-24.91001341,0.180005534,-12.766289,-26.93014169,-172.7313178
4.78,8.384730844,-15.60760528,2.997220259,-1.198533008,0.861798735,44.74293103,-1.241820516,-227.0229987,-58.49073462,43.66722437,-67.76405191,272.6187624,-24.87426922,0.179231851,-12.7513194,-26.89393654,-172.4315429
4.79,8.368588686,-15.59424337,2.990891684,-1.199953988,0.858435247,44.69392447,-1.240985291,-226.7354445,-58.3396823,43.61989982,-67.72231088,272.2049864,-24.8294552,0.178504942,-12.73738055,-26.86071861,-172.142867
4.8,8.352739287,-15.58289702,2.985518355,-1.202374205,0.856120526,44.64536111,-1.239939315,-226.4596269,-58.18591811,43.57141393,-67.68615494,271.8280082,-24.77623085,0.177828714,-12.72455549,-26.83068865,-171.8671162
4.81,8.337205185,-15.57364928,2.981122225,-1.205765679,0.854774698,44.59787391,-1.238697827,-226.1970304,-58.02939483,43.5222463,-67.65614095,271.4893437,-24.71552771,0.17720655,-12.71291455,-26.80399519,-171.6060594
4.82,8.322007913,-15.56655386,2.977710758,-1.210078233,0.854292777,44.55212128,-1.237281393,-225.9490176,-57.87017778,43.47292508,-67.63276974,271.1899398,-24.64856635,0.176643471,-12.70251856,-26.78078161,-171.3614494
4.83,8.307164222,-15.56163625,2.975278471,-1.215241645,0.854548268,44.50877276,-1.235714419,-225.7167927,-57.70838514,43.42400975,-67.61648312,270.9301717,-24.57670258,0.176142256,-12.69340568,-26.76108301,-171.1347279
4.84,8.292682855,-15.55889446,2.973808327,-1.221168729,0.855398264,44.46849143,-1.234023679,-225.5013678,-57.54413428,43.37606311,-67.6076522,270.7098228,-24.50147257,0.175707459,-12.68559955,-26.74491664,-170.9271595
4.85,8.278563075,-15.55830307,2.973274062,-1.227758672,0.856688757,44.43191707,-1.232237058,-225.3035516,-57.37750968,43.32964565,-67.60657717,270.5282679,-24.42450959,0.17534424,-12.67910531,-26.73225424,-170.7397601
4.86,8.265412457,-15.55995304,2.973646133,-1.235226176,0.858612236,44.40034589,-1.230371182,-225.1331374,-57.21472042,43.28448074,-67.61273188,270.3955814,-24.34712494,0.175096618,-12.67425513,-26.72387696,-170.5821856
4.87,8.250713553,-15.56320674,2.974868152,-1.24212582,0.859584275,44.37148587,-1.228496486,-224.9532442,-57.03079846,43.24415723,-67.62936358,270.2628986,-24.2722829,0.174813673,-12.66962558,-26.71611138,-170.4176776
4.88,8.238231617,-15.56885893,2.976923796,-1.250351892,0.861607495,44.35014797,-1.226572247,-224.8207091,-56.86354747,43.20447425,-67.65191152,270.2001355,-24.19959334,0.17473847,-12.66728929,-26.71416934,-170.3025699
4.89,8.225444409,-15.57624446,2.979749351,-1.258446352,0.863104373,44.33390393,-1.224667539,-224.6982935,-56.6880573,43.16897401,-67.68349764,270.1576985,-24.13229075,0.174732752,-12.66583687,-26.71465199,-170.2002528
4.9,8.21297029,-15.58540295,2.983299365,-1.266605737,0.864284473,44.32379602,-1.222797359,-224.5952881,-56.51092757,43.13732595,-67.72331513,270.1450718,-24.07135966,0.174830942,-12.66554491,-26.71807231,-170.1193103
4.91,8.20089212,-15.59623433,2.987519261,-1.274716317,0.865041916,44.32015372,-1.220989551,-224.5125803,-56.33358023,43.10998998,-67.77119026,270.1611306,-24.01827854,0.175036915,-12.66640335,-26.72435487,-170.0604872
4.92,8.188644629,-15.60879725,2.992432959,-1.282666626,0.864976278,44.32187202,-1.219303374,-224.4404748,-56.1519114,43.08753237,-67.82811029,270.1990949,-23.97491699,0.175311226,-12.66815326,-26.73313444,-170.018618
4.93,8.179500297,-15.62232549,2.997618781,-1.290344941,0.8653303,44.33483127,-1.217677422,-224.4267664,-55.9971644,43.07073727,-67.88851994,270.2864142,-23.94101769,0.175802993,-12.67201931,-26.74585877,-170.0234065
4.94,8.169797676,-15.63779927,3.003523226,-1.297947382,0.864316706,44.35148171,-1.216328577,-224.4128422,-55.83852084,43.05994895,-67.95859999,270.3947143,-23.92094235,0.176278252,-12.67661857,-26.76122094,-170.0462434
4.95,8.16053549,-15.65407257,3.009748153,-1.303977242,0.86190335,44.37344803,-1.215241078,-224.4079341,-55.68629446,43.05886202,-68.03777009,270.5053763,-23.91479239,0.176736306,-12.68199825,-26.77753185,-170.0779561
4.96,8.156387954,-15.67188402,3.016177961,-1.310678982,0.86014097,44.40639782,-1.214511722,-224.4773885,-55.59030732,43.06519991,-68.11788411,270.7036333,-23.92418856,0.177319649,-12.6905357,-26.80076241,-170.1923506
4.97,8.155320983,-15.69063709,3.022713532,-1.316369423,0.857442145,44.44574082,-1.214292234,-224.5804166,-55.53506927,43.08379283,-68.20346608,270.940771,-23.95204522,0.177808141,-12.70104746,-26.82754757,-170.3521748
4.98,8.15949831,-15.71029795,3.029153606,-1.321318488,0.854274237,44.49261136,-1.214739363,-224.7380428,-55.54755296,43.11664247,-68.29166287,271.2425547,-24.00069009,0.178154113,-12.71447732,-26.85966192,-170.5836163
4.99,8.170700836,-15.73071566,3.035272609,-1.325477116,0.850801976,44.54704922,-1.216042613,-224.96271,-55.65214438,43.16669761,-68.38047845,271.6258439,-24.07282227,0.178259708,-12.73154224,-26.89824138,-170.9057622
5,8.191563415,-15.75226583,3.040947566,-1.329359,0.847760168,44.60831709,-1.218409901,-225.2755664,-55.88390299,43.23582986,-68.46864344,272.1253015,-24.16970294,0.178055164,-12.75358133,-26.9460257,-171.3486953
