Time,Fout_X,Fout_Y,Fout_Z,LocalForce_X,LocalForce_Y,LocalForce_Z,LocalMoment_X,LocalMoment_Y,LocalMoment_Z
0.42,11.5642774613762,44.0045867993273,104.451153369541,-11.5642774613762,-44.0045867993273,-104.451153369541,130.04495195541,-15.1527249654746,-9.97899806178162
0.43,11.3506946001918,43.9068616366919,104.628688514612,-11.3506946001918,-43.9068616366919,-104.628688514612,130.058222866954,-14.8154016430069,-9.80202858634103
0.44,11.102496497812,43.8062181058756,104.82578774667,-11.102496497812,-43.8062181058756,-104.82578774667,130.082800659677,-14.4309687361445,-9.59509628666118
0.45,10.8169524368027,43.7012063005622,105.043993270806,-10.8169524368027,-43.7012063005622,-105.043993270806,130.118370259655,-13.9960963155797,-9.35464080841943
0.46,10.5118507941941,43.5911823644647,105.281276035875,-10.5118507941941,-43.5911823644647,-105.281276035875,130.162943661015,-13.5320107270487,-9.09627616502603
0.47,10.2560499378776,43.471328939319,105.519264328186,-10.2560499378776,-43.471328939319,-105.519264328186,130.196582728043,-13.1213483083368,-8.88338213324471
0.48,10.0194344654005,43.3417592733727,105.759831906797,-10.0194344654005,-43.3417592733727,-105.759831906797,130.220366179419,-12.7301644978503,-8.68744617025765
0.49,9.79090109127295,43.2037530674134,106.008297096277,-9.79090109127295,-43.2037530674134,-106.008297096277,130.24042836872,-12.3448957503027,-8.49764447196191
0.5,9.53942229541617,43.0605737062826,106.270731691902,-9.53942229541617,-43.0605737062826,-106.270731691902,130.265181581166,-11.9293338343317,-8.2852899362533
0.51,9.28686520386641,42.9108274182261,106.521095117435,-9.28686520386641,-42.9108274182261,-106.521095117435,130.270766181511,-11.5122460872544,-8.07350113578964
0.52,9.0856767691306,42.7502348530174,106.763161023987,-9.0856767691306,-42.7502348530174,-106.763161023987,130.256830008295,-11.1543685646581,-7.90728667037242
0.53,8.90071282918565,42.5888320127248,107.007204132681,-8.90071282918565,-42.5888320127248,-107.007204132681,130.243160918088,-10.8155711284905,-7.75422618136091
0.54,8.70202500937912,42.4284883143651,107.254153748347,-8.70202500937912,-42.4284883143651,-107.254153748347,130.232175942753,-10.4613589007921,-7.58638076816809
0.55,8.5174652255751,42.2696515497292,107.498924122022,-8.5174652255751,-42.2696515497292,-107.498924122022,130.220683030651,-10.1253058323846,-7.42941891506047
0.56,8.34358814234267,42.1263795559786,107.748300255655,-8.34358814234267,-42.1263795559786,-107.748300255655,130.228894454527,-9.81533987558262,-7.26976174871895
0.57,8.06211727286992,41.9808352960658,107.995769198734,-8.06211727286992,-41.9808352960658,-107.995769198734,130.235732084178,-9.35305393401313,-7.03945931307114
0.58,7.9671019368565,41.8512171499863,108.226542717666,-7.9671019368565,-41.8512171499863,-108.226542717666,130.244404026825,-9.14571259827478,-6.94848544465512
0.59,7.83546630410649,41.7284617709834,108.451982551274,-7.83546630410649,-41.7284617709834,-108.451982551274,130.257170389103,-8.89107139962858,-6.83127635120532
0.6,7.71584930860595,41.6332987318671,108.671603408679,-7.71584930860595,-41.6332987318671,-108.671603408679,130.298005009428,-8.65758311204361,-6.72392145336769
0.61,7.62683945756066,41.5464119018361,108.875277641424,-7.62683945756066,-41.5464119018361,-108.875277641424,130.335877007371,-8.46501301784865,-6.64355758521406
0.62,7.55862962373658,41.4687192352642,109.0607559221,-7.55862962373658,-41.4687192352642,-109.0607559221,130.369993175946,-8.30346823406208,-6.58146509723897
0.63,7.49878055500811,41.3943471778798,109.223873705209,-7.49878055500811,-41.3943471778798,-109.223873705209,130.390155151114,-8.15701235832541,-6.52618525255881
0.64,7.48051756114328,41.3230812754509,109.361392984728,-7.48051756114328,-41.3230812754509,-109.361392984728,130.394691135233,-8.06230233585621,-6.50962470722738
0.65,7.4997703855577,41.2549536216957,109.471465832441,-7.4997703855577,-41.2549536216957,-109.471465832441,130.382299688465,-8.01459425969388,-6.52857809581636
0.66,7.52427730884078,41.1948865479583,109.556121165724,-7.52427730884078,-41.1948865479583,-109.556121165724,130.359669352307,-7.97921265158029,-6.55336007982636
0.67,7.54575212992116,41.1457456015741,109.616297154112,-7.54575212992116,-41.1457456015741,-109.616297154112,130.330909791237,-7.94704763242088,-6.57679401996565
0.68,7.58178213818262,41.1081911587737,109.650880483852,-7.58178213818262,-41.1081911587737,-109.650880483852,130.29656201795,-7.93704924312789,-6.61599540884992
0.69,7.62195275065605,41.0846717828585,109.661874006033,-7.62195275065605,-41.0846717828585,-109.661874006033,130.260960034761,-7.9375781304782,-6.66164389051803
0.7,7.65188170696673,41.0731207309495,109.651776609534,-7.65188170696673,-41.0731207309495,-109.651776609534,130.223458055425,-7.93091869173777,-6.70038857976295
0.71,7.67990552466168,41.0712808052955,109.620992697295,-7.67990552466168,-41.0712808052955,-109.620992697295,130.182020443973,-7.9247608584901,-6.74019099135733
0.72,7.70457502876728,41.0804267493234,109.570415751776,-7.70457502876728,-41.0804267493234,-109.570415751776,130.13869655608,-7.91777961456804,-6.77988078782932
0.73,7.70916052141627,41.1023238671303,109.50257932287,-7.70916052141627,-41.1023238671303,-109.50257932287,130.09701852451,-7.89156254505549,-6.803726376383
0.74,7.70410984140408,41.1359223351686,109.41885817047,-7.70410984140408,-41.1359223351686,-109.41885817047,130.056957343862,-7.8567072766405,-6.82130542288332
0.75,7.69518477561886,41.1819914253487,109.325404856116,-7.69518477561886,-41.1819914253487,-109.325404856116,130.024199931912,-7.81868251573793,-6.83755684079141
0.76,7.66895011557362,41.2441389476996,109.213383563361,-7.66895011557362,-41.2441389476996,-109.213383563361,129.995627790107,-7.76599471675025,-6.84013080550032
0.77,7.61482707090904,41.320179906043,109.089703520113,-7.61482707090904,-41.320179906043,-109.089703520113,129.973799090459,-7.68582263214414,-6.8182258424712
0.78,7.57021034052848,41.401146913281,108.956261981755,-7.57021034052848,-41.401146913281,-108.956261981755,129.950650483645,-7.61745492763932,-6.8060452526915
0.79,7.5454965845426,41.4824262933255,108.814120498072,-7.5454965845426,-41.4824262933255,-108.814120498072,129.921931952581,-7.57224501613803,-6.81267975222889
0.8,7.53212681385997,41.5607303191933,108.66592763392,-7.53212681385997,-41.5607303191933,-108.66592763392,129.885681154739,-7.53999514261926,-6.82928442184001
0.81,7.52709726940738,41.6339624041275,108.513587998145,-7.52709726940738,-41.6339624041275,-108.513587998145,129.840828839543,-7.51621394577037,-6.85233694687708
0.82,7.53624703483006,41.7063259535013,108.357095899556,-7.53624703483006,-41.7063259535013,-108.357095899556,129.792154772978,-7.50853683600631,-6.88701404349069
0.83,7.55587087945108,41.7835669464891,108.199389827657,-7.55587087945108,-41.7835669464891,-108.199389827657,129.748322856416,-7.51435935675564,-6.92967155180806
0.84,7.59104084045544,41.8649890950486,108.038791718021,-7.59104084045544,-41.8649890950486,-108.038791718021,129.707095851352,-7.53962849633704,-6.98479721561406
0.85,7.65021629505564,41.9460112871734,107.871630775886,-7.65021629505564,-41.9460112871734,-107.871630775886,129.660272650028,-7.59352638220617,-7.05996918762833
0.86,7.7281751848131,42.0232067669525,107.696984469996,-7.7281751848131,-42.0232067669525,-107.696984469996,129.602833497724,-7.67052339265909,-7.1499162732238
0.87,7.81650762525062,42.092569259158,107.514365906136,-7.81650762525062,-42.092569259158,-107.514365906136,129.529377026329,-7.76108796132273,-7.24638173539212
0.88,7.93031870795473,42.1499171594949,107.319942561347,-7.93031870795473,-42.1499171594949,-107.319942561347,129.432243592126,-7.88165401669977,-7.36332811632005
0.89,8.0802497418686,42.2041988583977,107.114667833483,-8.0802497418686,-42.2041988583977,-107.114667833483,129.323122596349,-8.04546584598676,-7.51113980071103
0.9,8.239452967672,42.2596973758818,106.902983151947,-8.239452967672,-42.2596973758818,-106.902983151947,129.20947154641,-8.22357314285423,-7.66452594955367
0.91,8.40154382915471,42.3107465017344,106.686253159285,-8.40154382915471,-42.3107465017344,-106.686253159285,129.084919628083,-8.40753242033334,-7.81697539188667
0.92,8.58128283923877,42.3619606112014,106.46683274508,-8.58128283923877,-42.3619606112014,-106.46683274508,128.956980737163,-8.61392817107162,-7.98251137517112
0.93,8.79153421263044,42.419150350368,106.247503170843,-8.79153421263044,-42.419150350368,-106.247503170843,128.834852968717,-8.8582171149979,-8.17354796451345
0.94,9.01984808033622,42.4807364115145,106.034843914024,-9.01984808033622,-42.4807364115145,-106.034843914024,128.721437799377,-9.12507240542197,-8.37825112704214
0.95,9.27622469953817,42.5420724903871,105.819169197557,-9.27622469953817,-42.5420724903871,-105.819169197557,128.603171005659,-9.42586392520251,-8.60624410097748
0.96,9.54764283618924,42.606843805272,105.608692321603,-9.54764283618924,-42.606843805272,-105.608692321603,128.4907616841,-9.746641056959,-8.84606744362694
0.97,9.82178270716924,42.6735996435305,105.406495881746,-9.82178270716924,-42.6735996435305,-105.406495881746,128.384634431056,-10.0731567263824,-9.08674411912955
0.98,10.0938622173012,42.7358061917996,105.210327664722,-10.0938622173012,-42.7358061917996,-105.210327664722,128.275051528048,-10.3986961493624,-9.32414033841526
0.99,10.3504200099427,42.7859945915769,105.020282668928,-10.3504200099427,-42.7859945915769,-105.020282668928,128.153000466139,-10.7066449703031,-9.54595692245377
1,10.5940017552219,42.8160643111853,104.834499294801,-10.5940017552219,-42.8160643111853,-104.834499294801,128.007583256212,-10.9980140954114,-9.75479345277559
1.01,10.8371815441827,42.8188588745597,104.650409075491,-10.8371815441827,-42.8188588745597,-104.650409075491,127.828653112641,-11.2846364756569,-9.96257573177233
1.02,11.069240549213,42.795865968838,104.474601406303,-11.069240549213,-42.795865968838,-104.474601406303,127.623054738398,-11.5531202186154,-10.1597262070433
1.03,11.2847876196351,42.7564642524637,104.316270188675,-11.2847876196351,-42.7564642524637,-104.316270188675,127.409121037341,-11.797025566975,-10.341983237926
1.04,11.4996219058809,42.7328672524756,104.186410195616,-11.4996219058809,-42.7328672524756,-104.186410195616,127.23504708794,-12.0342766428661,-10.5262037052465
1.05,11.6954026509347,42.7154289584503,104.089838093047,-11.6954026509347,-42.7154289584503,-104.089838093047,127.092300823092,-12.2412096795935,-10.6950297307915
1.06,11.8603710233537,42.6986680584678,104.02961560921,-11.8603710233537,-42.6986680584678,-104.02961560921,126.976577176691,-12.4017442890026,-10.8376870046876
1.07,12.0078696063819,42.6758374176279,104.001601718196,-12.0078696063819,-42.6758374176279,-104.001601718196,126.877227163997,-12.5279830093608,-10.9670682902268
1.08,12.1398813169928,42.6400569064184,104.007773528925,-12.1398813169928,-42.6400569064184,-104.007773528925,126.788335799665,-12.6187549204263,-11.0853811773191
1.09,12.218454323018,42.6063642688993,104.054059816961,-12.218454323018,-42.6063642688993,-104.054059816961,126.73424146887,-12.6311141713169,-11.160443785323
1.1,12.2643979919874,42.5826448417366,104.11922815364,-12.2643979919874,-42.5826448417366,-104.11922815364,126.709448974092,-12.5952347728731,-11.2131130858619
1.11,12.2697851152817,42.5469412841161,104.148829052414,-12.2697851152817,-42.5469412841161,-104.148829052414,126.644189629369,-12.5080855125454,-11.2388212293596
1.12,12.2529626084619,42.4904426197669,104.229857439046,-12.2529626084619,-42.4904426197669,-104.229857439046,126.59557183124,-12.3670416145572,-11.2493154740551
1.13,12.2131748897351,42.474753235249,104.43424201916,-12.2131748897351,-42.474753235249,-104.43424201916,126.698131545573,-12.1582832835018,-11.2560838423735
1.14,12.1103393279917,42.4446613887054,104.682542981981,-12.1103393279917,-42.4446613887054,-104.682542981981,126.819557263273,-11.8471379492999,-11.2120725137682
1.15,11.9569244656007,42.3966817767316,104.972088054605,-11.9569244656007,-42.3966817767316,-104.972088054605,126.954640087995,-11.4476837922935,-11.1270454700195
1.16,11.7108839228929,42.3569125995713,105.298288140867,-11.7108839228929,-42.3569125995713,-105.298288140867,127.12903223748,-10.9139561458102,-10.9721270807188
1.17,11.383313874466,42.3225065520188,105.652161252746,-11.383313874466,-42.3225065520188,-105.652161252746,127.333164896836,-10.2589546737495,-10.7580420431957
1.18,11.0110546563465,42.2814661999506,106.068483187892,-11.0110546563465,-42.2814661999506,-106.068483187892,127.582701817432,-9.51517021203191,-10.5105349171271
1.19,10.6177447958298,42.2311099805141,106.577638146582,-10.6177447958298,-42.2311099805141,-106.577638146582,127.899692356357,-8.70312211514517,-10.2440399244265
1.2,10.1125093728148,42.1924260151459,107.144567156297,-10.1125093728148,-42.1924260151459,-107.144567156297,128.279988617927,-7.72348742889611,-9.89230952813561
1.21,9.49141724063331,42.1861055276539,107.675938687727,-9.49141724063331,-42.1861055276539,-107.675938687727,128.669602032626,-6.59409395711388,-9.46460694787956
1.22,8.7472829568215,42.2145173244232,108.22834366464,-8.7472829568215,-42.2145173244232,-108.22834366464,129.117952782722,-5.29629482721236,-8.94885062556305
1.23,7.86131632846783,42.2951842261208,108.81235379193,-7.86131632846783,-42.2951842261208,-108.81235379193,129.654379743922,-3.80930309216392,-8.3310466836361
1.24,6.91890159816452,42.4185512101139,109.463872189894,-6.91890159816452,-42.4185512101139,-109.463872189894,130.298809079355,-2.22470133727408,-7.67945626237452
1.25,5.93184771519847,42.5716898137657,110.14445497833,-5.93184771519847,-42.5716898137657,-110.14445497833,131.004884589706,-0.563467287430885,-7.00329397901676
1.26,4.89356595016661,42.7576118612719,110.862698305171,-4.89356595016661,-42.7576118612719,-110.862698305171,131.781940496153,1.18073626583671,-6.29506637807322
1.27,3.81385111338045,42.9848919208353,111.615382868269,-3.81385111338045,-42.9848919208353,-111.615382868269,132.636701837884,2.99105840673023,-5.56245009531066
1.28,2.70792011622747,43.2317197861062,112.374987557884,-2.70792011622747,-43.2317197861062,-112.374987557884,133.520048022046,4.84466678713146,-4.81658186501665
1.29,1.64383832457073,43.4971793341772,113.157166455601,-1.64383832457073,-43.4971793341772,-113.157166455601,134.4444956316,6.6626218026221,-4.11755376567581
1.3,0.555472318512842,43.7954672134269,113.989164487815,-0.555472318512842,-43.7954672134269,-113.989164487815,135.446172417108,8.51937274010109,-3.39493626743066
1.31,-0.683798338881914,44.0970790535677,114.803089007793,0.683798338881914,-44.0970790535677,-114.803089007793,136.435874727738,10.5708957482227,-2.56308881543523
1.32,-1.84129759251924,44.4277430531456,115.650799960779,1.84129759251924,-44.4277430531456,-115.650799960779,137.481806714584,12.5165359547121,-1.78502322115546
1.33,-3.0168294865303,44.8059868199316,116.373882655859,3.0168294865303,-44.8059868199316,-116.373882655859,138.482980287221,14.4436356286622,-1.00372780025204
1.34,-4.1843424686176,45.2422377393443,116.975410203191,4.1843424686176,-45.2422377393443,-116.975410203191,139.446354080025,16.3139971415967,-0.232847498408258
1.35,-5.41578965849945,45.6683840948268,117.657381446894,5.41578965849945,-45.6683840948268,-117.657381446894,140.456094002473,18.2780577213746,0.610318454038655
1.36,-6.64840836257262,46.1484182304615,118.28592822519,6.64840836257262,-46.1484182304615,-118.28592822519,141.47694378812,20.2118549248348,1.45735841397289
1.37,-7.84492107425819,46.6992321441381,118.853215096078,7.84492107425819,-46.6992321441381,-118.853215096078,142.522859491417,22.06343915315,2.27532269032649
1.38,-9.01286458776875,47.2809370284181,119.40764935778,9.01286458776875,-47.2809370284181,-119.40764935778,143.582813288692,23.8545569017321,3.09101422502484
1.39,-10.1234678840753,47.9479590342578,119.909560417764,10.1234678840753,-47.9479590342578,-119.909560417764,144.694955802631,25.5392413452208,3.85733376128174
1.4,-11.1131398797816,48.6870992146369,120.284255138705,11.1131398797816,-48.6870992146369,-120.284255138705,145.781751295503,27.0239947172448,4.5259375055368
1.41,-11.7294899823919,49.4564977870602,120.582599377371,11.7294899823919,-49.4564977870602,-120.582599377371,146.844051803909,28.0110230910041,4.85672225340527
1.42,-11.5958874121085,50.2801091078623,121.112565600855,11.5958874121085,-50.2801091078623,-121.112565600855,148.172322335786,28.1343188771827,4.52429837309852
1.43,-11.765363271026,50.9250349540044,121.622726635892,11.765363271026,-50.9250349540044,-121.622726635892,149.25458274647,28.6263010130701,4.51565520347086
1.44,-10.6284342600707,51.4985236477711,122.452965154929,10.6284342600707,-51.4985236477711,-122.452965154929,150.532556095611,27.6105168407085,3.37974026254891
1.45,-4.61767343253213,52.2147469075219,124.14917333407,4.61767343253213,-52.2147469075219,-124.14917333407,152.799228238127,20.7964259066542,-2.08222355892781
1.46,2.54228147042317,54.7820329328128,124.13525763386,-2.54228147042317,-54.7820329328128,-124.13525763386,155.896137411039,11.5224330888528,-9.0678633889032
1.47,-18.504856658746,59.0029109366766,119.063460940287,18.504856658746,-59.0029109366766,-119.063460940287,156.275583605481,35.4827580388694,9.30898588763561
1.48,-20.508267178387,57.2287934227501,118.309568844569,20.508267178387,-57.2287934227501,-118.309568844569,153.326215196736,38.2057682153002,11.2190710006562
1.49,-17.2425851842757,55.4894914247178,120.677894431545,17.2425851842757,-55.4894914247178,-120.677894431545,152.996444163961,35.2267706280118,8.60642057327602
1.5,-15.8200646060247,55.0161252548248,121.423122935809,15.8200646060247,-55.0161252548248,-121.423122935809,152.853161354114,33.8442782647448,7.45416894053082
1.51,-15.2241366677545,54.96287573768,121.602956322318,15.2241366677545,-54.96287573768,-121.602956322318,152.736275823923,33.233010796622,6.9711530276459
1.52,-14.8983672081114,55.014682614868,121.611534729694,14.8983672081114,-55.014682614868,-121.611534729694,152.591103238769,32.8723481550482,6.71175576217333
1.53,-14.7026414514216,55.0339061868891,121.54306285068,14.7026414514216,-55.0339061868891,-121.54306285068,152.331068435135,32.6418218580601,6.57106634673614
1.54,-14.5852365634951,55.1166774211039,121.464561468085,14.5852365634951,-55.1166774211039,-121.464561468085,152.123762972412,32.4845347511666,6.49086647125867
1.55,-14.5318291351644,55.1020994146463,121.363727363705,14.5318291351644,-55.1020994146463,-121.363727363705,151.767757281413,32.4065350754185,6.47615076965093
1.56,-14.5541231348038,55.0789012121069,121.204494967691,14.5541231348038,-55.0789012121069,-121.204494967691,151.343155858872,32.4008067427716,6.52153689960596
1.57,-14.6140108281706,55.0261001081767,121.06842399395,14.6140108281706,-55.0261001081767,-121.06842399395,150.885728636756,32.4447004514936,6.59700543810344
1.58,-14.7078778866018,54.9601031929151,120.996504923023,14.7078778866018,-54.9601031929151,-120.996504923023,150.447045790945,32.5442707159619,6.69883418435254
1.59,-14.8661308294674,54.899950074139,120.972874675509,14.8661308294674,-54.899950074139,-120.972874675509,150.038597576189,32.7293055157599,6.84891564918436
1.6,-15.359091701324,54.8394404227893,120.801086771245,15.359091701324,-54.8394404227893,-120.801086771245,149.494932235526,33.271614309669,7.27424605834747
1.61,-16.4390776759063,54.9121879068608,120.447307375295,16.4390776759063,-54.9121879068608,-120.447307375295,148.944493627268,34.4413176569492,8.17125343172022
1.62,-18.7619294627641,55.6409585623345,119.652048303248,18.7619294627641,-55.6409585623345,-119.652048303248,148.820715295611,36.8864659957333,10.0314976612482
1.63,-21.5427170686756,58.0028528013303,118.540326420075,21.5427170686756,-58.0028528013303,-118.540326420075,150.472966556347,39.6036205067774,12.0830097587134
1.64,-13.0984705688898,57.1923576542304,122.11121877682,13.0984705688898,-57.1923576542304,-122.11121877682,151.907977819231,30.2724591425499,5.04355009558834
1.65,-7.99763143486986,54.2342047169438,125.743287863815,7.99763143486986,-54.2342047169438,-125.743287863815,150.767071597117,25.5804358746059,1.18158152136554
1.66,-11.7461760479987,53.301679253569,124.372217563758,11.7461760479987,-53.301679253569,-124.372217563758,148.136254045662,29.9715975080076,4.3617615949026
1.67,-13.2369025457172,53.0237114423763,124.282745679287,13.2369025457172,-53.0237114423763,-124.282745679287,147.257850729539,31.709109937924,5.60726664868603
1.68,-13.636582666739,52.7349994265831,124.681898198343,13.636582666739,-52.7349994265831,-124.681898198343,146.743731646018,32.2612228482817,5.94805719077272
1.69,-13.6800743824033,52.3985365660066,125.300940516085,13.6800743824033,-52.3985365660066,-125.300940516085,146.329017809143,32.4470566599943,5.99913734702039
1.7,-13.6050005041201,52.0531560855301,126.086039865198,13.6050005041201,-52.0531560855301,-126.086039865198,146.011237456402,32.529162523861,5.95648462297446
1.71,-13.4965452077712,51.7023442668784,126.996941785838,13.4965452077712,-51.7023442668784,-126.996941785838,145.762540381786,32.5981603700832,5.8908061393685
1.72,-13.3741229237089,51.3919245379678,127.676261927613,13.3741229237089,-51.3919245379678,-127.676261927613,145.378740481499,32.5624203524468,5.78587556842085
1.73,-13.2434535822865,51.0998052574252,128.336385171604,13.2434535822865,-51.0998052574252,-128.336385171604,144.989089702707,32.4975194188713,5.67293109601723
1.74,-13.1760640346819,50.8350370021675,128.961833315888,13.1760640346819,-50.8350370021675,-128.961833315888,144.590427088682,32.4869315383314,5.6077517995841
1.75,-13.1258089619109,50.5730281623485,129.553438602047,13.1258089619109,-50.5730281623485,-129.553438602047,144.155968916122,32.4757641655066,5.55888761285535
1.76,-13.0693745636579,50.3054709622397,130.09934171902,13.0693745636579,-50.3054709622397,-130.09934171902,143.666649574003,32.4296862988109,5.51184429302369
1.77,-13.0412559618368,50.0455832453656,130.566867803614,13.0412559618368,-50.0455832453656,-130.566867803614,143.11389372384,32.3795716673585,5.48681440803435
1.78,-12.991046298327,49.7683534677137,131.101724956022,12.991046298327,-49.7683534677137,-131.101724956022,142.573364752557,32.3104155278723,5.46145920357165
1.79,-12.9775871865823,49.4611034060378,131.405925147945,12.9775871865823,-49.4611034060378,-131.405925147945,141.825725701469,32.2114154158677,5.47035401149135
1.8,-12.9548848007234,49.1287250419619,131.609002520361,12.9548848007234,-49.1287250419619,-131.609002520361,140.963425750872,32.0569313929503,5.48474446904107
1.81,-12.908625481336,48.7700745389496,131.710228236054,12.908625481336,-48.7700745389496,-131.710228236054,139.985352283219,31.8256089092887,5.49584817109386
1.82,-12.8489865704958,48.3730110962537,131.672218294823,12.8489865704958,-48.3730110962537,-131.672218294823,138.851209787807,31.5197824883261,5.51447068493129
1.83,-12.7897670257171,47.9277977854495,131.56251724362,12.7897670257171,-47.9277977854495,-131.56251724362,137.598570258143,31.1767088559434,5.55544064514079
1.84,-12.6410156061278,47.4731321155647,131.352309148126,12.6410156061278,-47.4731321155647,-131.352309148126,136.253137734501,30.6599767952135,5.54730610337472
1.85,-12.4168272510054,46.9984569726455,131.036400014248,12.4168272510054,-46.9984569726455,-131.036400014248,134.798911820879,29.9852586123563,5.50469667562325
1.86,-12.0945616793704,46.509870657526,130.652853811827,12.0945616793704,-46.509870657526,-130.652853811827,133.268471377966,29.1295506036154,5.41277225640109
1.87,-11.7205054250982,46.0046176480697,130.334951922173,11.7205054250982,-46.0046176480697,-130.334951922173,131.754992867042,28.1919992467225,5.31442219949106
1.88,-11.3217369925625,45.4309586565613,129.999175920913,11.3217369925625,-45.4309586565613,-129.999175920913,130.130944454903,27.1773903931085,5.23185687995255
1.89,-10.9558153461519,44.7889434993995,129.630798302217,10.9558153461519,-44.7889434993995,-129.630798302217,128.378149806372,26.1454188205201,5.20685274554272
1.9,-10.4850914563548,44.1274437306479,129.10712963768,10.4850914563548,-44.1274437306479,-129.10712963768,126.484200035995,24.8912893597338,5.1224623380586
1.91,-9.69860027059938,43.5243225139771,128.604376947582,9.69860027059938,-43.5243225139771,-128.604376947582,124.662940927008,23.190016588735,4.81992248989925
1.92,-8.69350338319597,42.9676614304004,127.976217009601,8.69350338319597,-42.9676614304004,-127.976217009601,122.806881429022,21.1201513143025,4.37932674265972
1.93,-7.70368203506912,42.6102304125368,127.409564448571,7.70368203506912,-42.6102304125368,-127.409564448571,121.227737236573,19.014575281565,3.95793460948396
1.94,-6.48882133329251,42.3487973693036,127.118844019622,6.48882133329251,-42.3487973693036,-127.118844019622,119.921043038449,16.6446205781222,3.40307327042716
1.95,-5.04882437675665,42.2177643133664,126.900871849478,5.04882437675665,-42.2177643133664,-126.900871849478,118.80697568408,13.9684729155789,2.69244582611579
1.96,-3.61576254042186,42.187544117061,126.452831923995,3.61576254042186,-42.187544117061,-126.452831923995,117.658077265436,11.2131238804965,2.00228624690233
1.97,-2.04797084657918,42.2017316022685,125.970512971445,2.04797084657918,-42.2017316022685,-125.970512971445,116.537983511719,8.28108748300472,1.24030273809609
1.98,-0.0291510953152416,42.2399505336885,125.508703885124,0.0291510953152416,-42.2399505336885,-125.508703885124,115.476589119473,4.81736275584075,0.19997361922287
1.99,2.2298325350416,42.3403661710874,124.933759677507,-2.2298325350416,-42.3403661710874,-124.933759677507,114.437750785208,1.05406741589809,-0.997147868811979
2,4.66590362548956,42.4775027423488,124.270783661523,-4.66590362548956,-42.4775027423488,-124.270783661523,113.404879256805,-2.91093459489148,-2.28443309455799
2.01,7.52573825139127,42.6781103519286,123.525568413954,-7.52573825139127,-42.6781103519286,-123.525568413954,112.432120715575,-7.36041904455444,-3.84431202974089
2.02,10.4593629217422,42.9205278509733,122.59166158311,-10.4593629217422,-42.9205278509733,-122.59166158311,111.427862595892,-11.8843123415778,-5.43246215345131
2.03,13.3613387677434,43.1679436898166,121.453433532819,-13.3613387677434,-43.1679436898166,-121.453433532819,110.339353693866,-16.3489376199247,-6.97759529298765
2.04,15.757305149053,43.4449852351319,120.125393790882,-15.757305149053,-43.4449852351319,-120.125393790882,109.189037808089,-20.1897685181505,-8.1579780011054
2.05,18.0218242816414,43.715334051708,118.574699954884,-18.0218242816414,-43.715334051708,-118.574699954884,107.934394389906,-23.8517447608209,-9.26069508884109
2.06,21.495289376608,41.8344212077934,121.412755752989,-21.495289376608,-41.8344212077934,-121.412755752989,107.072279074775,-27.0484268525605,-10.3990642267059
2.07,26.5802060328461,38.8504553907682,117.056901596161,-26.5802060328461,-38.8504553907682,-117.056901596161,101.214120172336,-33.6314886679957,-12.0570108930393
2.08,16.1274359549851,52.4261367511266,106.312888716653,-16.1274359549851,-52.4261367511266,-106.312888716653,107.546127721451,-28.5315439919046,-10.0955737113518
2.09,24.0291953755663,44.2678169606485,110.554873557529,-24.0291953755663,-44.2678169606485,-110.554873557529,101.51049751917,-34.5096287391704,-11.797096530462
2.1,25.1111795776207,44.4133021492907,108.857290641845,-25.1111795776207,-44.4133021492907,-108.857290641845,100.1971856101,-36.4658071393538,-12.1993380151103
2.11,26.1650493710504,44.6935715312276,106.947828688535,-26.1650493710504,-44.6935715312276,-106.947828688535,98.9657146189227,-38.3771409049802,-12.6065929596922
2.12,29.2665574683844,45.2403904801457,104.389879822464,-29.2665574683844,-45.2403904801457,-104.389879822464,97.7444048697504,-42.8722155901732,-14.3517274421156
2.13,33.9586653572023,46.5769838372402,101.724025300096,-33.9586653572023,-46.5769838372402,-101.724025300096,97.4767525235391,-49.1671962775583,-17.097572442357
2.14,35.7979267569581,47.1364569224677,99.781915153904,-35.7979267569581,-47.1364569224677,-99.781915153904,96.6836760343572,-51.8234054529811,-18.0043455431722
2.15,37.050974073775,47.6883086607524,97.7952592785505,-37.050974073775,-47.6883086607524,-97.7952592785505,95.8982933013207,-53.6908512517183,-18.5465132693904
2.16,37.8058747725061,48.2242272921005,95.8565670087463,-37.8058747725061,-48.2242272921005,-95.8565670087463,95.1574681959662,-54.8892126774248,-18.784732167547
2.17,42.014690106496,46.8443200908651,85.8003717658687,-42.014690106496,-46.8443200908651,-85.8003717658687,88.5342501244152,-61.7767000847208,-20.27741894341
2.18,38.8061389115031,51.3766068579769,93.4525194577626,-38.8061389115031,-51.3766068579769,-93.4525194577626,96.5314852645466,-56.3816591670705,-19.6402902704459
2.19,42.0513607852824,50.0434217577927,95.8049646089586,-42.0513607852824,-50.0434217577927,-95.8049646089586,96.2782471057093,-58.8984846034969,-20.7205856029051
2.2,46.5267594230373,51.7461908557346,87.1324658729957,-46.5267594230373,-51.7461908557346,-87.1324658729957,93.4825302617345,-65.9497404040108,-23.1656861368799
2.21,49.2304583197381,52.62975850807,84.5475708023031,-49.2304583197381,-52.62975850807,-84.5475708023031,92.8969782375367,-69.1332843779664,-24.4322291416231
2.22,50.9608062483917,53.1844911248933,83.5382905882493,-50.9608062483917,-53.1844911248933,-83.5382905882493,92.7617933440294,-71.0807280637646,-25.1261911492584
2.23,53.3120210832823,53.7973215043519,82.3660443943259,-53.3120210832823,-53.7973215043519,-82.3660443943259,92.6248419867139,-73.813448291935,-26.147512500882
2.24,55.645880696268,54.317634184097,81.4551128353133,-55.645880696268,-54.317634184097,-81.4551128353133,92.5077638628837,-76.5392380060407,-27.1295633743459
2.25,56.4783298749202,54.6156156509149,80.6412787971163,-56.4783298749202,-54.6156156509149,-80.6412787971163,92.1627431183675,-77.4692358062703,-27.230267622675
2.26,56.9973406808825,54.8691386151839,79.9377949291273,-56.9973406808825,-54.8691386151839,-79.9377949291273,91.8119267751157,-78.018664296472,-27.1563776113392
2.27,59.5728612748801,55.1346720283026,79.7704491820471,-59.5728612748801,-55.1346720283026,-79.7704491820471,91.7133911744503,-81.0462686935493,-28.1870500330953
2.28,62.5188392170324,55.3160925032148,79.8189983285905,-62.5188392170324,-55.3160925032148,-79.8189983285905,91.5959950912192,-84.5643028665863,-29.3922547969803
2.29,64.1534994082413,55.2548553286597,79.7685661131208,-64.1534994082413,-55.2548553286597,-79.7685661131208,91.1106776162735,-86.4888227369189,-29.8563723262031
2.3,65.011975458585,55.0799338770958,79.6621346869811,-65.011975458585,-55.0799338770958,-79.6621346869811,90.4281754005265,-87.4627493684465,-29.8849594726605
2.31,66.1537444786965,54.9119898895284,79.7233761767476,-66.1537444786965,-54.9119898895284,-79.7233761767476,89.8003201484928,-88.7922452088871,-30.0481150872233
2.32,67.6619392529874,54.768102225817,79.9652663233572,-67.6619392529874,-54.768102225817,-79.9652663233572,89.2549556865466,-90.5741238325257,-30.3845586631697
2.33,68.8815764903198,54.6464442885432,80.2223239397999,-68.8815764903198,-54.6464442885432,-80.2223239397999,88.7112102355321,-91.9970633565919,-30.550902475673
2.34,70.1674813838672,54.6021081997995,80.5885600922781,-70.1674813838672,-54.6021081997995,-80.5885600922781,88.276485152112,-93.4987327663098,-30.7329763591175
2.35,71.2278173059073,54.6527479230946,80.9984620682526,-71.2278173059073,-54.6527479230946,-80.9984620682526,87.9374417763904,-94.7197530212403,-30.7846189796138
2.36,71.470742866455,54.7450755074258,81.3288793020633,-71.470742866455,-54.7450755074258,-81.3288793020633,87.5718975821906,-94.9382508159649,-30.4211889451699
2.37,71.1094298221613,54.8728869911507,81.5940617749614,-71.1094298221613,-54.8728869911507,-81.5940617749614,87.1816496183121,-94.4271120641901,-29.7698949871687
2.38,70.4078542301371,54.9647250507556,81.9769426096924,-70.4078542301371,-54.9647250507556,-81.9769426096924,86.7572056847974,-93.5056827902327,-28.9765057867176
2.39,69.1173820746661,54.9457630609471,82.4103522914078,-69.1173820746661,-54.9457630609471,-82.4103522914078,86.1886890580444,-91.8809155962987,-27.9386212254804
2.4,66.9323583598138,54.929060331752,82.9683982924563,-66.9323583598138,-54.929060331752,-82.9683982924563,85.638751117632,-89.1590566935343,-26.5204681142307
2.41,64.6125570099848,54.9190524583448,83.9563058358304,-64.6125570099848,-54.9190524583448,-83.9563058358304,85.2317434400588,-86.2713754569431,-25.0869795479531
2.42,62.3194135947294,54.894217211872,85.1985130415631,-62.3194135947294,-54.894217211872,-85.1985130415631,84.8797650260341,-83.4118863219302,-23.7175802313605
2.43,59.6625567503112,54.8442764605662,86.63068711839,-59.6625567503112,-54.8442764605662,-86.63068711839,84.5566203243588,-80.1005042154525,-22.2335898208709
2.44,57.2855986818135,54.8078655258201,88.3831657925977,-57.2855986818135,-54.8078655258201,-88.3831657925977,84.3550070147167,-77.0935501774688,-20.9175556252221
2.45,56.1952808785032,54.8178147437503,90.3521996595078,-56.1952808785032,-54.8178147437503,-90.3521996595078,84.2614385347252,-75.5614698637539,-20.1808368209861
2.46,55.6350027509539,54.8876499793789,92.3614293882186,-55.6350027509539,-54.8876499793789,-92.3614293882186,84.2242272195962,-74.5930240456263,-19.679004643795
2.47,55.0608256608251,54.9879807915023,94.2448675424841,-55.0608256608251,-54.9879807915023,-94.2448675424841,84.1532419625293,-73.5732888967465,-19.1971297990878
2.48,54.6602553273755,55.081224047067,96.2067949327749,-54.6602553273755,-55.081224047067,-96.2067949327749,84.0682452734379,-72.6932308908667,-18.8135016255811
2.49,54.2107653948207,55.1529578417288,98.301521720651,-54.2107653948207,-55.1529578417288,-98.301521720651,83.9745031046631,-71.695790820826,-18.4362139582267
2.5,53.4088543060939,55.2371723727563,100.608196892026,-53.4088543060939,-55.2371723727563,-100.608196892026,83.9542146296555,-70.2424955682874,-17.9462800884146
2.51,52.1403168854399,55.1785454481061,103.334332585489,-52.1403168854399,-55.1785454481061,-103.334332585489,83.8810932344369,-68.180746049497,-17.3160021467871
2.52,50.3352618850259,54.9311599636885,106.387283100743,-50.3352618850259,-54.9311599636885,-106.387283100743,83.6591599495118,-65.4194369464983,-16.5317928005606
2.53,47.4921845255673,54.5783179346842,109.59067781181,-47.4921845255673,-54.5783179346842,-109.59067781181,83.3241761429716,-61.3332323679731,-15.4005121867062
2.54,43.8215687273523,54.2648742317113,112.658427484906,-43.8215687273523,-54.2648742317113,-112.658427484906,82.9321917779521,-56.2168569067409,-14.0280474879783
2.55,39.9401083499756,53.9071126234525,115.544907149236,-39.9401083499756,-53.9071126234525,-115.544907149236,82.3858301597906,-50.7652389015314,-12.6322567258392
2.56,35.1678478364977,53.7313514413574,118.4597032729,-35.1678478364977,-53.7313514413574,-118.4597032729,82.0023160889284,-44.1904219511385,-11.0178093191343
2.57,30.4144386944234,53.7690335991092,121.495454407697,-30.4144386944234,-53.7690335991092,-121.495454407697,81.858181021419,-37.5158833180094,-9.481043319392
2.58,25.6598362359014,53.9411809117389,124.491417828691,-25.6598362359014,-53.9411809117389,-124.491417828691,81.8236347601613,-30.7337428813827,-7.95170345317226
2.59,21.3103242028528,53.64636769014,127.542640720394,-21.3103242028528,-53.64636769014,-127.542640720394,81.2496210147323,-24.3906172082052,-6.66359461695772
2.6,20.5780387448263,53.176004803212,130.97326553506,-20.5780387448263,-53.176004803212,-130.97326553506,80.5510324975821,-22.5112386549038,-6.64314187352519
2.61,24.5500577788697,51.5467780231337,135.011487575502,-24.5500577788697,-51.5467780231337,-135.011487575502,78.7202363728347,-26.4030324471514,-8.23231922929348
2.62,31.7181596356096,50.3096996469239,138.284235851741,-31.7181596356096,-50.3096996469239,-138.284235851741,77.2719341121719,-34.4131097016856,-10.7066886181486
2.63,22.2492666595316,54.3745602338944,135.748777899325,-22.2492666595316,-54.3745602338944,-135.748777899325,80.3797154946789,-22.5141368991004,-7.96437594717744
2.64,5.41450169543562,55.3966625887546,134.834161389156,-5.41450169543562,-55.3966625887546,-134.834161389156,80.0659345569121,-1.39093558751046,-3.16582211867924
2.65,-1.71338324186586,53.4412689684199,136.784106507623,1.71338324186586,-53.4412689684199,-136.784106507623,77.0131006361381,8.15464791217551,-1.47385956445306
2.66,-4.35768496920352,52.8334394403703,139.844987594237,4.35768496920352,-52.8334394403703,-139.844987594237,75.7966826633667,12.2831958222454,-1.01199397159999
2.67,-4.9555555358127,51.9414564851166,141.480951551756,4.9555555358127,-51.9414564851166,-141.480951551756,74.0693889433997,13.7946974919627,-1.13412509631424
2.68,-6.13428772098626,51.3288329402967,142.560462239505,6.13428772098626,-51.3288329402967,-142.560462239505,72.5368587032526,15.8860764886079,-1.08786242213965
2.69,-7.1017667633916,50.8331166781553,143.428022888999,7.1017667633916,-50.8331166781553,-143.428022888999,71.1025132904303,17.6607864766153,-1.07530123071314
2.7,-7.98859897947239,50.3420894909417,144.018548134074,7.98859897947239,-50.3420894909417,-144.018548134074,69.6273633913099,19.2732722590397,-1.06473752098111
2.71,-9.24592793496999,49.8953877545989,144.26167444118,9.24592793496999,-49.8953877545989,-144.26167444118,68.131660296132,21.2517387187314,-0.939264618900955
2.72,-10.5596209897518,49.5007995141626,144.332974918846,10.5596209897518,-49.5007995141626,-144.332974918846,66.6693473866066,23.2375664814497,-0.78202886864222
2.73,-11.6887804698774,49.0522932771313,144.215614803623,11.6887804698774,-49.0522932771313,-144.215614803623,65.1297822983014,24.9464378944323,-0.650088922002746
2.74,-12.1096725234013,48.4893918701993,143.99295378457,12.1096725234013,-48.4893918701993,-143.99295378457,63.4779490926938,25.7639313600814,-0.654857886234774
2.75,-12.3740059758417,47.9447461268958,143.570006921108,12.3740059758417,-47.9447461268958,-143.570006921108,61.8379044527728,26.3307573826734,-0.672751558460103
2.76,-12.5118230465681,47.4208965359762,142.928576751095,12.5118230465681,-47.4208965359762,-142.928576751095,60.2152489845577,26.6803700676364,-0.700824643736356
2.77,-12.532166729071,46.9763701674241,142.112632362628,12.532166729071,-46.9763701674241,-142.112632362628,58.6870068619003,26.8239592340993,-0.736586396672484
2.78,-12.4106910610287,46.6580911207743,141.199760243077,12.4106910610287,-46.6580911207743,-141.199760243077,57.3162371654843,26.7377443778079,-0.775346861566209
2.79,-12.2516731694497,46.4178992031091,140.113480562904,12.2516731694497,-46.4178992031091,-140.113480562904,56.0425054248058,26.5475050323634,-0.811411550337599
2.8,-12.0825066340932,46.2367042965509,138.86267992199,12.0825066340932,-46.2367042965509,-138.86267992199,54.8478556164057,26.292805935713,-0.842947126450227
2.81,-11.9015089363714,46.089474290222,137.486892563239,11.9015089363714,-46.089474290222,-137.486892563239,53.709373919137,25.9798464274667,-0.873107455597834
2.82,-11.6585916218998,45.9582725580049,135.82566952524,11.6585916218998,-45.9582725580049,-135.82566952524,52.6045008750784,25.5155486139629,-0.924869572082429
2.83,-11.4764044883955,45.7920769135795,134.081497116256,11.4764044883955,-45.7920769135795,-134.081497116256,51.4810105946907,25.1067851193868,-0.962478215482721
2.84,-11.3714980387498,45.537091972645,132.20160711579,11.3714980387498,-45.537091972645,-132.20160711579,50.2728877201925,24.7627741364049,-0.983154629983066
2.85,-11.2746004419724,45.4163773451576,130.555913375122,11.2746004419724,-45.4163773451576,-130.555913375122,49.2568013000607,24.4541497493644,-1.03979762319683
2.86,-11.1151205330097,45.2213030160028,129.039669169145,11.1151205330097,-45.2213030160028,-129.039669169145,48.177132654035,24.0909998015112,-1.08613179439215
2.87,-10.9663983683024,45.0661036669076,127.643886767646,10.9663983683024,-45.0661036669076,-127.643886767646,47.1626896206025,23.7472369588018,-1.13936297654817
2.88,-10.8209583274836,45.0107709269866,126.403417855463,10.8209583274836,-45.0107709269866,-126.403417855463,46.2857432684858,23.4194422926293,-1.20324636349501
2.89,-10.817049138558,45.0166020373888,125.225235279669,10.817049138558,-45.0166020373888,-125.225235279669,45.4909904052803,23.2634417746147,-1.2632091998679
2.9,-10.706699183998,45.1258154902068,124.235119188391,10.706699183998,-45.1258154902068,-124.235119188391,44.8352219530218,22.9906583531106,-1.3463174428615
2.91,-10.6725906157586,45.2519498001033,122.938755814105,10.6725906157586,-45.2519498001033,-122.938755814105,44.2045716559577,22.7231824774322,-1.47543987058019
2.92,-10.7350266561458,45.328809375573,122.013816172233,10.7350266561458,-45.328809375573,-122.013816172233,43.5172616730273,22.6575783440275,-1.5761115432756
2.93,-10.9373728393847,45.3512074406638,121.173012641405,10.9373728393847,-45.3512074406638,-121.173012641405,42.7590337265207,22.7773812356412,-1.66376986387823
2.94,-11.2016805014668,45.4485906709004,120.456858917231,11.2016805014668,-45.4485906709004,-120.456858917231,42.0842710563484,22.9744588046775,-1.75653104686272
2.95,-11.5071482972634,45.5739372253812,119.849025401581,11.5071482972634,-45.5739372253812,-119.849025401581,41.4360176643673,23.2201506632345,-1.85030682238703
2.96,-12.1108089826363,45.6074517019669,119.042481386065,12.1108089826363,-45.6074517019669,-119.042481386065,40.6664402450056,23.7847099984078,-1.93454718174771
2.97,-12.946881382478,45.6316591088884,118.268741796747,12.946881382478,-45.6316591088884,-118.268741796747,39.8834708530391,24.6342940314787,-2.00915188018389
2.98,-14.0965608882576,45.890472792128,117.636769493924,14.0965608882576,-45.890472792128,-117.636769493924,39.3721634082273,25.8341423306482,-2.09024744724061
2.99,-19.361285270289,47.270118153157,116.226658320068,19.361285270289,-47.270118153157,-116.226658320068,40.1676130250958,31.6318792160644,-2.12692611833554
3,-84.3826083882741,112.876640404098,89.1417507855042,84.3826083882741,-112.876640404098,-89.1417507855042,126.652449538869,98.6549438618347,-5.48242020955789
3.01,142.399649176398,76.6823165837403,86.2454447007631,-142.399649176398,-76.6823165837403,-86.2454447007631,77.6639564078708,-167.339507675163,-12.158680570804
3.02,-11.74382853407,46.0137217842703,116.267008339128,11.74382853407,-46.0137217842703,-116.267008339128,36.3600803171039,22.4571327406087,-2.35319918568129
3.03,-9.25611916781317,44.2418220218036,117.101700876743,9.25611916781317,-44.2418220218036,-117.101700876743,33.2105255017912,19.5758235713494,-2.12274101763725
3.04,-6.90005209877033,42.9724023742677,118.534582822678,6.90005209877033,-42.9724023742677,-118.534582822678,30.5409437795564,16.8001079540182,-1.85122061982287
3.05,-5.04276867708064,42.0156773151105,120.022676556839,5.04276867708064,-42.0156773151105,-120.022676556839,28.1720649955576,14.4894400716345,-1.54020132452194
3.06,-3.39843674869095,41.3838931948233,121.694983626736,3.39843674869095,-41.3838931948233,-121.694983626736,26.1175103959302,12.368731342635,-1.21818980953469
3.07,-2.2484646994407,40.8979398518707,123.019952331604,2.2484646994407,-40.8979398518707,-123.019952331604,24.2377046255332,10.7250510151628,-0.894038749541874
3.08,-1.33600767486102,40.7577157229982,123.928006829631,1.33600767486102,-40.7577157229982,-123.928006829631,22.7871244798012,9.20405842436248,-0.645679336072291
3.09,-0.979054276889953,40.517110853944,124.834069957871,0.979054276889953,-40.517110853944,-124.834069957871,21.1875014324217,8.32784209050073,-0.380916514544348
3.1,-0.590192604393696,40.4041912060357,125.538896944637,0.590192604393696,-40.4041912060357,-125.538896944637,19.7662297319758,7.32228072281248,-0.105177116759872
3.11,-0.101319438998996,40.4605201882668,125.946453376416,0.101319438998996,-40.4605201882668,-125.946453376416,18.5820682158931,6.09069925340644,0.182578040801182
3.12,0.194818335739085,40.5519506471588,126.17023684813,-0.194818335739085,-40.5519506471588,-126.17023684813,17.4379019432871,4.98754615889473,0.477127283640122
3.13,0.486965799693257,40.7195996782781,126.197494807607,-0.486965799693257,-40.7195996782781,-126.197494807607,16.4051387523284,3.81499442932654,0.776174619137477
3.14,0.692205008081671,40.9585227464078,125.886283305409,-0.692205008081671,-40.9585227464078,-125.886283305409,15.5076168530262,2.62940872043647,1.07309704505478
3.15,1.6583272453121,41.225690406368,125.586118388301,-1.6583272453121,-41.225690406368,-125.586118388301,14.6472476646283,0.504029460389323,1.46777027778794
3.16,3.12211413393095,41.5985874250206,125.246192050209,-3.12211413393095,-41.5985874250206,-125.246192050209,13.9375017828381,-2.23160415693259,1.91204771016013
3.17,5.08263340852267,41.9526280657379,124.972038310517,-5.08263340852267,-41.9526280657379,-124.972038310517,13.1981939626843,-5.56036448015223,2.44366904639076
3.18,13.2817150144689,43.2038252063377,124.433463031338,-13.2817150144689,-43.2038252063377,-124.433463031338,14.0219434056089,-15.7390960297121,3.83731233050798
3.19,8.66134628816287,42.2849868930231,124.024050564467,-8.66134628816287,-42.2849868930231,-124.024050564467,11.2369283480932,-12.0726862765352,3.53823359522613
3.2,6.50374320862767,41.3448402076433,125.20651201472,-6.50374320862767,-41.3448402076433,-125.20651201472,8.23889050168062,-10.5627803013224,3.52235038192909
3.21,14.8091551227268,42.3275582469298,124.494767679711,-14.8091551227268,-42.3275582469298,-124.494767679711,8.85862052480931,-20.9291581735475,5.14847455002894
3.22,17.732975103786,42.6233538199023,124.309407590228,-17.732975103786,-42.6233538199023,-124.309407590228,8.07970966105911,-25.380072202371,5.95659132569805
3.23,21.2622089852868,43.0491100607881,124.303143219804,-21.2622089852868,-43.0491100607881,-124.303143219804,7.41679436790321,-30.5750556450675,6.92977451517756
3.24,24.393971071016,43.5408648099395,124.736288963572,-24.393971071016,-43.5408648099395,-124.736288963572,6.71667294541898,-35.1803394860165,7.86891196090662
3.25,27.4180174889133,44.0636992817221,125.111449070457,-27.4180174889133,-44.0636992817221,-125.111449070457,6.07330174290056,-39.634207652841,8.77871482507981
3.26,30.897182026844,44.9431583850578,126.17691018004,-30.897182026844,-44.9431583850578,-126.17691018004,5.66838130459669,-44.5390894495453,9.81232138381046
3.27,33.5460715198382,45.7988381243893,127.204809623119,-33.5460715198382,-45.7988381243893,-127.204809623119,5.24519661584556,-48.3837427153481,10.7374923576882
3.28,36.959134021498,46.3790787949275,128.345388784295,-36.959134021498,-46.3790787949275,-128.345388784295,4.47354506848215,-53.0823942108377,11.8520633071372
3.29,58.8648695453643,55.2844881054322,120.288778907644,-58.8648695453643,-55.2844881054322,-120.288778907644,16.9478893376401,-77.4704436165986,16.8299530775671
3.3,49.7318569430998,49.6785038002552,129.305637308757,-49.7318569430998,-49.6785038002552,-129.305637308757,6.13687053514779,-69.244943586828,15.2378242881721
3.31,38.7722116521793,43.2922521760357,134.098867932427,-38.7722116521793,-43.2922521760357,-134.098867932427,-4.82076254526589,-58.7099808758355,13.0301876052836
3.32,55.8877640040372,48.59886869264,129.971419403303,-55.8877640040372,-48.59886869264,-129.971419403303,2.57996982638491,-77.7362117684909,17.3587420611054
3.33,65.4740851022532,49.0123261929197,128.487465346869,-65.4740851022532,-49.0123261929197,-128.487465346869,2.6122674130887,-89.465570005302,19.9301761402325
3.34,76.3833262577478,49.7633038531765,125.088241916636,-76.3833262577478,-49.7633038531765,-125.088241916636,3.65585078136528,-102.549078989427,23.0304831649333
3.35,83.3582410790649,48.84482120393,124.732018403501,-83.3582410790649,-48.84482120393,-124.732018403501,1.98531139806569,-111.073901314726,25.2166147419736
3.36,89.0103433181237,47.8616767114789,124.640224804854,-89.0103433181237,-47.8616767114789,-124.640224804854,0.215840416760745,-118.113804062258,27.1517670719951
3.37,93.5398837747037,47.1975877031442,124.166191674554,-93.5398837747037,-47.1975877031442,-124.166191674554,-1.03929167186359,-123.753207065963,28.861932302837
3.38,99.7739056115013,46.9039650401549,123.719846263414,-99.7739056115013,-46.9039650401549,-123.719846263414,-1.83594748338216,-131.410976214636,31.071000005337
3.39,109.487444543147,47.0865245456837,123.689052746714,-109.487444543147,-47.0865245456837,-123.689052746714,-2.15967777720325,-143.232512869453,34.273942040536
3.4,115.439534185241,48.0677510168755,123.539622293642,-115.439534185241,-48.0677510168755,-123.539622293642,-1.56884404380529,-150.685198008943,36.6514873341838
3.41,117.484205653435,48.6783532643567,122.867360229004,-117.484205653435,-48.6783532643567,-122.867360229004,-1.19849773375207,-153.304618658851,37.9789790467603
3.42,124.575660605481,50.1043870102981,123.663990158587,-124.575660605481,-50.1043870102981,-123.663990158587,-0.398833776356661,-162.170372679464,40.8696118429028
3.43,136.302013859279,52.0689180964818,125.530468514635,-136.302013859279,-52.0689180964818,-125.530468514635,0.679144538980086,-176.744214837164,45.2156508380351
3.44,140.899502366073,53.2178091710261,125.638958360319,-140.899502366073,-53.2178091710261,-125.638958360319,1.50425244580551,-182.521217479401,47.4377055325928
3.45,137.682141873518,53.040387187817,123.794685704669,-137.682141873518,-53.040387187817,-123.794685704669,1.50927688470201,-178.560262283564,47.2580909327139
3.46,142.006015846333,54.0919843069954,123.957444208128,-142.006015846333,-54.0919843069954,-123.957444208128,2.21949643588564,-183.990900863555,49.4584312322946
3.47,152.98175913572,56.6895204972804,126.533400785388,-152.98175913572,-56.6895204972804,-126.533400785388,3.74023970590858,-197.830560830091,53.9908647849208
3.48,164.035240656537,59.1668012855341,129.342393323776,-164.035240656537,-59.1668012855341,-129.342393323776,5.06834986282011,-211.708216566495,58.6761464831516
3.49,169.782140388063,60.4150457396061,130.28158187525,-169.782140388063,-60.4150457396061,-130.28158187525,5.67438736955158,-218.923929718555,61.6144246401451
3.5,173.56604220547,61.2170669602567,130.586540628175,-173.56604220547,-61.2170669602567,-130.586540628175,5.96724764653905,-223.698618413171,63.9204347924092
3.51,172.649833831782,60.9691524344797,129.170496423646,-172.649833831782,-60.9691524344797,-129.170496423646,5.66975031604344,-222.605012267208,64.5816398479608
3.52,173.985187153689,61.1909658363676,128.63059254981,-173.985187153689,-61.1909658363676,-128.63059254981,5.56062468751087,-224.314287446336,66.0346829946528
3.53,179.741734434158,62.2596192545197,129.731038053314,-179.741734434158,-62.2596192545197,-129.731038053314,5.73405857958372,-231.57783175131,69.1635905712494
3.54,178.228792840141,61.8186681035901,128.225624562952,-178.228792840141,-61.8186681035901,-128.225624562952,5.16786087163035,-229.708131491075,69.6194032398287
3.55,168.553310202235,59.7509851603746,123.78693811267,-168.553310202235,-59.7509851603746,-123.78693811267,3.91381215045645,-217.562720051449,66.9455327895198
3.56,168.19318403264,59.6493030122254,122.858409840066,-168.19318403264,-59.6493030122254,-122.858409840066,3.49426735593293,-217.088616828382,67.77489563955
3.57,176.613771054321,61.4109131178275,125.335170368424,-176.613771054321,-61.4109131178275,-125.335170368424,3.75670516270885,-227.645195283128,72.0790095443176
3.58,177.192952203257,61.6004256960207,124.837890583146,-177.192952203257,-61.6004256960207,-124.837890583146,3.41834141251296,-228.356351085798,73.3452931844186
3.59,169.404012156281,60.1783778127215,121.139116081327,-169.404012156281,-60.1783778127215,-121.139116081327,2.59973382461328,-218.5454224664,71.1978333995782
3.6,163.48909369908,59.1240860738934,117.904275998742,-163.48909369908,-59.1240860738934,-117.904275998742,2.04541684785114,-211.074897656655,69.6598037820373
3.61,169.918368100042,60.6185248279353,120.066728711615,-169.918368100042,-60.6185248279353,-120.066728711615,1.9285487959444,-219.121170091172,73.3737477666197
3.62,179.606292994747,62.5637526082405,123.311236166196,-179.606292994747,-62.5637526082405,-123.311236166196,1.77549328811115,-231.230365424804,78.5281998745325
3.63,183.147109232491,63.2175638315016,124.253559592934,-183.147109232491,-63.2175638315016,-124.253559592934,1.10270489362115,-235.598801378907,81.115984639322
3.64,174.008850771392,61.474957121606,120.485865633404,-174.008850771392,-61.474957121606,-120.485865633404,-0.16180587834123,-224.042058296598,78.1458227892144
3.65,164.542269663076,59.5807753240218,116.991413219145,-164.542269663076,-59.5807753240218,-116.991413219145,-1.71954098726781,-212.036689018683,74.9322104556946
3.66,168.648037060974,60.0042450688564,118.584076453553,-168.648037060974,-60.0042450688564,-118.584076453553,-3.05300076556263,-216.995157251562,77.7238847859548
3.67,175.793135453651,61.473362951699,122.015328495242,-175.793135453651,-61.473362951699,-122.015328495242,-4.16401359896804,-225.746583529651,82.0392264751184
3.68,161.377445166115,58.9931124765772,117.031954845968,-161.377445166115,-58.9931124765772,-117.031954845968,-5.55350280513294,-207.528938558605,76.3161909355398
3.69,140.798397324598,55.6156884463843,109.988980182485,-140.798397324598,-55.6156884463843,-109.988980182485,-6.66805350969206,-181.556035489471,67.5897184038393
3.7,136.37364915983,55.6751077543685,109.159081417335,-136.37364915983,-55.6751077543685,-109.159081417335,-6.98363870373895,-175.751012069537,66.2326868408045
3.71,142.365664832165,57.0144513985798,111.696058426275,-142.365664832165,-57.0144513985798,-111.696058426275,-7.64022622338826,-182.904838216813,69.838692032359
3.72,142.754936276418,57.8570361789476,112.912051184113,-142.754936276418,-57.8570361789476,-112.912051184113,-8.09872004671215,-182.948285071464,70.7686005464694
3.73,136.924153702052,57.7620498918744,111.904869071015,-136.924153702052,-57.7620498918744,-111.904869071015,-8.34064889393931,-175.170314894988,68.582055021664
3.74,133.980621711255,58.3183027374161,112.364284590876,-133.980621711255,-58.3183027374161,-112.364284590876,-8.65159080667974,-170.968979046468,67.7949173842385
3.75,132.117708985197,58.9696354996071,113.347693390934,-132.117708985197,-58.9696354996071,-113.347693390934,-9.13562705488217,-168.062604337896,67.4802756911449
3.76,135.765222866306,60.0651986794331,116.126340776247,-135.765222866306,-60.0651986794331,-116.126340776247,-10.1328907828901,-171.915969447634,69.8917981138563
3.77,142.695423822217,62.5488880580626,120.944594414777,-142.695423822217,-62.5488880580626,-120.944594414777,-10.8177486003611,-179.879891343934,74.1168097948457
3.78,147.742297915341,64.4018177861349,125.2328485263,-147.742297915341,-64.4018177861349,-125.2328485263,-11.9125684224837,-185.385893670472,77.3597281810842
3.79,152.166025801841,65.8010488599325,129.206262235984,-152.166025801841,-65.8010488599325,-129.206262235984,-13.3942663327235,-190.100032980518,80.3130271304891
3.8,160.201668050359,68.6366920262393,136.787098197894,-160.201668050359,-68.6366920262393,-136.787098197894,-15.4658587804991,-199.318571950378,85.3172961148442
3.81,166.290199187091,68.963097676045,137.328520231216,-166.290199187091,-68.963097676045,-137.328520231216,-16.0645708534556,-205.431837478586,89.378862056097
3.82,141.734927956538,64.138976472081,131.728677448477,-141.734927956538,-64.138976472081,-131.728677448477,-19.1308028459781,-174.190868076024,76.5018031663914
3.83,117.397446421214,59.765148865448,127.293237037515,-117.397446421214,-59.765148865448,-127.293237037515,-22.1593279467808,-143.117508986323,63.5117435322192
3.84,113.679737907758,59.6436156839291,129.388084410036,-113.679737907758,-59.6436156839291,-129.388084410036,-24.3636398120235,-137.598577539014,61.8006413452158
3.85,98.3456369226539,57.1435337511323,127.516019520645,-98.3456369226539,-57.1435337511323,-127.516019520645,-26.7931572672997,-117.758847249928,53.4126996352284
3.86,78.6694939419688,53.726849067898,123.828261277322,-78.6694939419688,-53.726849067898,-123.828261277322,-28.9938707901066,-92.4116145347109,42.5188181355805
3.87,43.9469933232209,57.4561537995201,120.187068735365,-43.9469933232209,-57.4561537995201,-120.187068735365,-23.1623484551355,-49.5166944932859,23.21520380879
3.88,36.3771395946027,56.8313870845241,123.395666186812,-36.3771395946027,-56.8313870845241,-123.395666186812,-26.539533456193,-39.3649245912929,18.8492408462623
3.89,41.7141759040661,56.8284332022987,126.252578695545,-41.7141759040661,-56.8284332022987,-126.252578695545,-28.9639980970928,-44.9333608386588,21.7008267873382
3.9,77.3432731067833,201.244491756729,160.660249771582,-77.3432731067833,-201.244491756729,-160.660249771582,154.637386640199,-97.2027623878229,43.0085322053227
3.91,98.7035570824067,65.3940489373027,114.709661603748,-98.7035570824067,-65.3940489373027,-114.709661603748,-7.08094666037136,-115.897779338195,55.6367640025269
3.92,37.0122119891409,33.4095796447951,308.942764125442,-37.0122119891409,-33.4095796447951,-308.942764125442,-206.55490982381,-25.4491399192536,15.9680790713281
3.93,43.0081519925195,52.1205838594604,138.846185588703,-43.0081519925195,-52.1205838594604,-138.846185588703,-45.4474998124608,-43.7767833130773,22.23093875331
3.94,20.4058605024806,52.389458597754,141.922745508224,-20.4058605024806,-52.389458597754,-141.922745508224,-47.8758087171185,-15.7532610523929,8.53095099896894
3.95,6.8895571846439,53.0551268982056,140.390701146223,-6.8895571846439,-53.0551268982056,-140.390701146223,-46.8986782674955,1.02755267729165,0.0835699356760955
3.96,-2.62048953569069,53.1669065715026,138.654086530159,2.62048953569069,-53.1669065715026,-138.654086530159,-46.3915056958537,12.8696908239244,-5.88375346031355
3.97,-8.85993634681858,53.4203190307012,137.082972351425,8.85993634681858,-53.4203190307012,-137.082972351425,-45.7400627763932,20.6502388761165,-9.99883292859122
3.98,-13.9833594898441,52.4804799317347,135.216111801305,13.9833594898441,-52.4804799317347,-135.216111801305,-46.2579386606903,27.095089450492,-13.362975435753
3.99,-17.0635027450558,51.5405042040026,134.237755387735,17.0635027450558,-51.5405042040026,-134.237755387735,-47.3617614157506,31.0744839564681,-15.4162047007829
4,-18.8035150395114,50.6992195656367,134.127332564355,18.8035150395114,-50.6992195656367,-134.127332564355,-48.9172753559501,33.4673237976623,-16.5882761851314
4.01,-18.9414273287379,49.8000688233687,134.143428947586,18.9414273287379,-49.8000688233687,-134.143428947586,-50.5865448767737,33.9369207799513,-16.7132532154405
4.02,-56.7806366463451,28.8171184384797,312.82078516579,56.7806366463451,-28.8171184384797,-312.82078516579,-231.113693683197,95.4752422066619,-46.1114583574768
4.03,-8.48801676794244,50.95104528568,101.4295024216,8.48801676794244,-50.95104528568,-101.4295024216,-21.5018679781371,16.2226964522688,-8.2253415754039
4.04,24.2148480533082,179.270270970064,138.877800162908,-24.2148480533082,-179.270270970064,-138.877800162908,133.6864977487,-25.2931234931394,7.60127289990265
4.05,-18.3901384511502,46.5836097371227,132.756081468091,18.3901384511502,-46.5836097371227,-132.756081468091,-55.2728718554988,33.7189717323389,-16.0878612632049
4.06,-18.3488715489202,46.0008243051275,132.268681250815,18.3488715489202,-46.0008243051275,-132.268681250815,-56.1202874144646,33.7324293743754,-15.9919000127204
4.07,-18.3120984639619,45.486114433928,131.713967605891,18.3120984639619,-45.486114433928,-131.713967605891,-56.814542457054,33.7222676985232,-15.8925963401298
4.08,-18.2899760930625,44.9986061940293,131.168974612969,18.2899760930625,-44.9986061940293,-131.168974612969,-57.4716198013343,33.7187407094402,-15.7994498227771
4.09,-18.3063585164965,44.4995718765605,130.721177083928,18.3063585164965,-44.4995718765605,-130.721177083928,-58.2133148377577,33.7781658584319,-15.7358679755971
4.1,-110.972852381466,50.6862153890943,349.263121668555,110.972852381466,-50.6862153890943,-349.263121668555,-236.169355706443,192.264475282858,-94.0782994324355
4.11,-24.399221050205,83.449997825192,316.360224751853,24.399221050205,-83.449997825192,-316.360224751853,-165.550398898652,65.8392261944326,-9.38399490938986
4.12,96.0531896832462,90.4350331790161,-151.06723342413,-96.0531896832462,-90.4350331790161,151.06723342413,244.799869439384,-172.042493299878,58.8303009441527
4.13,-18.7686733046538,42.9699312991086,129.018440674636,18.7686733046538,-42.9699312991086,-129.018440674636,-60.4182503550003,34.2877742494481,-15.8509549696471
4.14,-18.9908090924496,42.6529141467958,129.337408209996,18.9908090924496,-42.6529141467958,-129.337408209996,-61.5418602760779,34.6724385291819,-15.947489957827
4.15,-19.2325749877083,42.261176005421,129.381841519797,19.2325749877083,-42.261176005421,-129.381841519797,-62.5047565253455,35.0651907287005,-16.0943864766773
4.16,-49.9492182962652,169.102663880708,154.015053071824,49.9492182962652,-169.102663880708,-154.015053071824,101.258214412456,80.9934477223433,-54.5601061913047
4.17,-39.1776951306865,46.0733222234603,116.576944221066,39.1776951306865,-46.0733222234603,-116.576944221066,-44.8714280202106,62.3527598695568,-33.7979261551763
4.18,8.73267152068848,20.8616446634649,260.933798574751,-8.73267152068848,-20.8616446634649,-260.933798574751,-217.128310603286,0.0714741436963308,11.8654168326403
4.19,-19.5672576759125,42.1881294990988,128.297663170709,19.5672576759125,-42.1881294990988,-128.297663170709,-63.7324140483929,35.5241561475778,-16.3670287073272
4.2,-20.073473196938,42.1310865737604,128.004024697817,20.073473196938,-42.1310865737604,-128.004024697817,-63.9633268653385,36.077383896212,-16.7672494292084
4.21,105.828565025173,92.4102781052398,-11.2175154206925,-105.828565025173,-92.4102781052398,11.2175154206925,126.127513115799,-174.549908613833,96.8202161583782
4.22,-67.1322826034184,44.7686340955837,123.680162537511,67.1322826034184,-44.7686340955837,-123.680162537511,-55.7274234506496,102.779656136465,-59.8349824315891
4.23,-137.386147332373,36.1086175859229,283.272835583337,137.386147332373,-36.1086175859229,-283.272835583337,-213.118072026784,220.293340603741,-122.141378073456
4.24,-3.0255901136811,44.6427487031879,134.862570354329,3.0255901136811,-44.6427487031879,-134.862570354329,-67.5035062041457,16.2103436556894,-4.4109994720728
4.25,-9.10133431133486,41.2038472665648,135.048413652603,9.10133431133486,-41.2038472665648,-135.048413652603,-72.7673691390076,24.1382427872073,-8.57465625517423
4.26,-9.63326541998067,40.7345267304317,135.377053249668,9.63326541998067,-40.7345267304317,-135.377053249668,-74.0707591101392,24.6473893918953,-8.88433126675994
4.27,-8.83587171327078,40.6451197698715,134.992784850464,8.83587171327078,-40.6451197698715,-134.992784850464,-74.213842997982,23.4111321603551,-8.28181072205679
4.28,-4.08440527789288,41.2661030899837,136.360471173148,4.08440527789288,-41.2661030899837,-136.360471173148,-74.8466527866168,17.6204296596384,-4.75523464689063
4.29,0.541438547835751,41.604276952073,137.725745547919,-0.541438547835751,-41.604276952073,-137.725745547919,-75.779081918154,11.9209989166752,-1.30761202809206
4.3,-27.1654823009396,43.6160668193262,-37.647928362766,27.1654823009396,-43.6160668193262,37.647928362766,77.5207191824742,25.6191908511214,-43.1279033621706
4.31,16.4533386580352,72.6869161058707,281.498789155416,-16.4533386580352,-72.6869161058707,-281.498789155416,-168.753156564839,2.78309634065134,26.3551031845169
4.32,9.29263203772742,53.3614395976456,172.614859635651,-9.29263203772742,-53.3614395976456,-172.614859635651,-94.2503795287759,2.83342069719563,8.32646421630358
4.33,39.6924942618218,37.6479173863688,148.318487571102,-39.6924942618218,-37.6479173863688,-148.318487571102,-89.3384337056476,-36.4065104712771,28.1216257004356
4.34,71.2220813613897,42.4163857269277,145.567560479539,-71.2220813613897,-42.4163857269277,-145.567560479539,-81.8345391615992,-75.471627804159,51.4622204411125
4.35,104.342723823277,51.3242541584307,148.27604731812,-104.342723823277,-51.3242541584307,-148.27604731812,-74.0083241687417,-117.018259757846,76.5605829973793
4.36,139.889844065995,61.7136946894248,155.438888283733,-139.889844065995,-61.7136946894248,-155.438888283733,-67.6497931652414,-161.299893102585,103.345981836505
4.37,166.385001052478,11.1528145715407,265.482187708692,-166.385001052478,-11.1528145715407,-265.482187708692,-243.883360880875,-196.459731458475,135.321142824519
4.38,144.88685029625,79.2140737396772,155.93077355823,-144.88685029625,-79.2140737396772,-155.93077355823,-41.404410557778,-165.034825203068,103.545964121593
4.39,154.301095164236,189.012309167669,179.716518921263,-154.301095164236,-189.012309167669,-179.716518921263,102.206809674069,-168.828976950243,102.268460327199
4.4,191.531095720566,77.900289650111,166.818881354062,-191.531095720566,-77.900289650111,-166.818881354062,-57.9178109554964,-226.718119709632,142.84047462274
4.41,183.944640509097,75.326878208627,162.831958880094,-183.944640509097,-75.326878208627,-162.831958880094,-57.8316718139606,-217.925158071384,137.445252838369
4.42,163.810169375746,68.9998918111137,155.015976911679,-163.810169375746,-68.9998918111137,-155.015976911679,-59.0559924847141,-193.665602791914,122.594202699367
4.43,155.70408101072,66.3884703867477,151.007933814654,-155.70408101072,-66.3884703867477,-151.007933814654,-58.9204629738237,-184.145963955704,116.754946517615
4.44,162.90833215243,68.5412375388712,152.093056662458,-162.90833215243,-68.5412375388712,-152.093056662458,-57.2846405806227,-193.432052929736,122.428226313016
4.45,172.187347463615,71.1521057580045,153.961791258618,-172.187347463615,-71.1521057580045,-153.961791258618,-55.7476307447633,-205.243396022913,129.714233747958
4.46,176.275903530383,67.1319160187254,190.839993995038,-176.275903530383,-67.1319160187254,-190.839993995038,-94.322923554757,-204.875179904687,137.324653271772
4.47,168.312708602042,94.6217202453435,313.036349416819,-168.312708602042,-94.6217202453435,-313.036349416819,-175.243937123228,-185.37942661834,148.979315870036
4.48,141.820274929913,126.753542315831,35.5970620791596,-141.820274929913,-126.753542315831,-35.5970620791596,120.46655311063,-183.760522253447,80.190533193393
4.49,178.819258049828,71.7798472621267,151.853308832723,-178.819258049828,-71.7798472621267,-151.853308832723,-53.4134561698291,-214.750369069348,135.846498327783
4.5,184.839452306333,72.9055023217361,153.479629545521,-184.839452306333,-72.9055023217361,-153.479629545521,-53.5015040346039,-222.375880578158,140.816130573154
4.51,192.732129935602,74.45333998156,155.878562192913,-192.732129935602,-74.45333998156,-155.878562192913,-53.7315840856137,-232.277555948574,147.262195770931
4.52,197.588140717414,75.2905966694024,156.627150405995,-197.588140717414,-75.2905966694024,-156.627150405995,-53.3763163023429,-238.506736336991,151.25777805172
4.53,203.626639695935,76.1041936623034,158.864841157119,-203.626639695935,-76.1041936623034,-158.864841157119,-54.3342439474623,-246.021683152794,156.346609922661
4.54,212.179239317939,77.5662960086241,162.959041264846,-212.179239317939,-77.5662960086241,-162.959041264846,-55.8922434291149,-256.575741032092,163.3014304434
4.55,213.518676230861,76.8442894757004,163.852783630966,-213.518676230861,-76.8442894757004,-163.852783630966,-57.6024613287107,-258.28681867781,164.781723732414
4.56,205.502951941349,74.8803289059186,158.444533088812,-205.502951941349,-74.8803289059186,-158.444533088812,-55.6696096449509,-248.868385774099,158.722729235568
4.57,167.285615486109,128.239669674297,34.959177854154,-167.285615486109,-128.239669674297,-34.959177854154,125.352988410265,-216.711765783097,104.393810684497
4.58,208.684071895166,87.1324428384775,310.292531214734,-208.684071895166,-87.1324428384775,-310.292531214734,-185.280084769902,-237.085623892151,186.062506666954
4.59,201.14903968669,64.6029304510623,183.719851969143,-201.14903968669,-64.6029304510623,-183.719851969143,-91.896230841607,-239.716374342398,160.118949155453
4.6,189.934565040737,68.2115254828322,154.630016722762,-189.934565040737,-68.2115254828322,-154.630016722762,-61.2013453418723,-230.153970907932,148.045093767768
4.61,180.390332361779,65.097610905018,151.168092480537,-180.390332361779,-65.097610905018,-151.168092480537,-62.1621034046768,-218.563393870535,140.848842873172
4.62,181.845919451366,64.7571252544494,151.664556746757,-181.845919451366,-64.7571252544494,-151.664556746757,-63.090951794019,-220.482952297543,142.255344373754
4.63,187.516136643428,65.4158024642956,153.61803048082,-187.516136643428,-65.4158024642956,-153.61803048082,-64.0165467126932,-227.568656388684,146.967635628636
4.64,187.02811932639,64.48251098539,153.24223284518,-187.02811932639,-64.48251098539,-153.24223284518,-64.9063471138435,-227.104219945484,146.840661726966
4.65,183.949886243715,63.0446701722973,152.160180501006,-183.949886243715,-63.0446701722973,-152.160180501006,-65.7817609322373,-223.379749395779,144.63192081223
4.66,182.03288823033,62.0379513508336,151.398093708403,-182.03288823033,-62.0379513508336,-151.398093708403,-66.4262123272651,-221.164604348037,143.343350105778
4.67,178.416478884875,60.9548145631841,150.429254710046,-178.416478884875,-60.9548145631841,-150.429254710046,-66.9628224936374,-216.775560228399,140.660312351197
4.68,176.750644157081,60.6366115244786,150.372725708263,-176.750644157081,-60.6366115244786,-150.372725708263,-67.3431263473233,-214.779352971425,139.49396136673
4.69,175.340079693966,60.5940850868566,150.575141092204,-175.340079693966,-60.5940850868566,-150.575141092204,-67.6035212042613,-213.082338425243,138.506705766797
4.7,171.014353885948,59.9220588832659,149.720952469673,-171.014353885948,-59.9220588832659,-149.720952469673,-67.7260612170497,-207.797793492562,135.193818693909
4.71,168.530953482576,59.6806332262275,149.4242868653,-168.530953482576,-59.6806332262275,-149.4242868653,-67.7934993436135,-204.792879736021,133.326722298273
4.72,172.763531573135,60.9694363657558,151.582319514072,-172.763531573135,-60.9694363657558,-151.582319514072,-68.074723024871,-210.022273720335,136.784047152999
4.73,178.371950304097,62.4884883592749,153.982981004885,-178.371950304097,-62.4884883592749,-153.982981004885,-68.2876585105529,-217.002994807549,141.333580231796
4.74,178.748120546663,62.6037506148393,154.424794237624,-178.748120546663,-62.6037506148393,-154.424794237624,-68.527171478342,-217.519860131105,141.734056087494
4.75,177.254076368521,62.2208449892087,154.060441656051,-177.254076368521,-62.2208449892087,-154.060441656051,-68.6881766019311,-215.750585496568,140.641127592928
4.76,180.251370721726,62.8535960899195,155.406856178623,-180.251370721726,-62.8535960899195,-155.406856178623,-69.0595449009897,-219.488592699826,143.124318400539
4.77,181.369484892706,63.0218125044158,155.996888088543,-181.369484892706,-63.0218125044158,-155.996888088543,-69.3565270248681,-220.923536058373,144.108412322932
4.78,175.27706240042,61.5082738494635,153.747425313207,-175.27706240042,-61.5082738494635,-153.747425313207,-69.298875913137,-213.517798750655,139.333187533117
4.79,170.788227729746,60.3730514558637,152.124718329233,-170.788227729746,-60.3730514558637,-152.124718329233,-69.3099273949725,-208.070624096321,135.83158871329
4.8,168.978463730076,59.8778825872258,151.568421338871,-168.978463730076,-59.8778825872258,-151.568421338871,-69.4483110293037,-205.902389160179,134.4653777556
4.81,163.587245127997,58.569206295278,149.604082350387,-163.587245127997,-58.569206295278,-149.604082350387,-69.3806936875652,-199.335927422061,130.232027994709
4.82,159.349748696197,57.5357176968538,148.094886830076,-159.349748696197,-57.5357176968538,-148.094886830076,-69.3658049501329,-194.180369951477,126.91623221756
4.83,160.704317044551,57.8641732473659,148.888196647651,-160.704317044551,-57.8641732473659,-148.888196647651,-69.6609837248652,-195.886658710383,128.068713620597
4.84,161.308768120108,58.0476569658408,149.43116909459,-161.308768120108,-58.0476569658408,-149.43116909459,-69.9221449971054,-196.670320707263,128.619640145253
4.85,162.131951508903,58.27213680798,150.068859316754,-162.131951508903,-58.27213680798,-150.068859316754,-70.2192844506408,-197.720579355723,129.345950548371
4.86,166.702101671388,59.3436090040431,152.197318928003,-166.702101671388,-59.3436090040431,-152.197318928003,-70.764126393763,-203.366746992745,133.076079646354
4.87,170.730627176311,60.2745728230391,154.136400222494,-170.730627176311,-60.2745728230391,-154.136400222494,-71.3205321383585,-208.341962883666,136.375862662477
4.88,166.970181397686,59.4027186090094,152.99822923867,-166.970181397686,-59.4027186090094,-152.99822923867,-71.446167468025,-203.751948146808,133.43078565169
4.89,160.156739438484,57.7571993432135,150.592905263906,-160.156739438484,-57.7571993432135,-150.592905263906,-71.4227016521325,-195.405378610386,128.036787543449
4.9,158.747386177732,57.2304583276674,150.260846909739,-158.747386177732,-57.2304583276674,-150.260846909739,-71.8115547849513,-193.692130033242,126.981087679887
4.91,160.995884889312,57.3765001985412,151.28401556987,-160.995884889312,-57.3765001985412,-151.28401556987,-72.5444892182935,-196.472369837768,128.867674650849
4.92,160.373523280756,56.694646369269,151.034613804133,-160.373523280756,-56.694646369269,-151.034613804133,-73.185375560866,-195.723416459848,128.45526745792
4.93,159.51656128232,55.830008889449,150.594425792961,-159.51656128232,-55.830008889449,-150.594425792961,-73.8787695871425,-194.682724147262,127.857142111227
4.94,160.893257697208,55.4395878490935,151.020845301172,-160.893257697208,-55.4395878490935,-151.020845301172,-74.7376817145747,-196.378452677311,129.052694005083
4.95,159.473568100415,54.5446709525465,150.45223615128,-159.473568100415,-54.5446709525465,-150.45223615128,-75.3541147905447,-194.624010436868,127.992765305384
4.96,157.923638356529,53.8286402331985,150.032128731329,-157.923638356529,-53.8286402331985,-150.032128731329,-75.8810983305294,-192.691955337222,126.816689079972
4.97,158.874632469899,53.9276749041193,150.829995684665,-158.874632469899,-53.9276749041193,-150.829995684665,-76.4677030194365,-193.814478646554,127.639487908527
4.98,158.847427868644,54.0718388684185,151.476302131942,-158.847427868644,-54.0718388684185,-151.476302131942,-76.870994714635,-193.715597632656,127.663234960502
4.99,160.624381904545,48.5995497670246,184.37096108585,-160.624381904545,-48.5995497670246,-184.37096108585,-113.941868602986,-191.416833934838,132.324433246087
5,173.224280851824,74.3049337496888,430.666813791706,-173.224280851824,-74.3049337496888,-430.666813791706,-313.852334551659,-192.275146723589,170.349959593085
5.01,126.683661469046,130.454482554253,-7.25565169077348,-126.683661469046,-130.454482554253,7.25565169077348,166.115048953261,-173.02917924078,73.2269146386932
5.02,154.375256528255,55.3400776801799,149.845737730438,-154.375256528255,-55.3400776801799,-149.845737730438,-73.7625976146809,-188.188094904224,123.819109104052
5.03,149.473726255846,54.4685302327258,148.962225060426,-149.473726255846,-54.4685302327258,-148.962225060426,-74.0943015843869,-182.02152554494,119.952442479664
5.04,149.120714626235,54.5827726390944,149.551460609502,-149.120714626235,-54.5827726390944,-149.551460609502,-74.4768804384519,-181.487898804712,119.729831246496
5.05,153.283570810359,55.7369514735586,151.772645833889,-153.283570810359,-55.7369514735586,-151.772645833889,-74.9879882136209,-186.53117567895,123.113755317367
5.06,158.921319526089,57.1844211316622,154.568860143337,-158.921319526089,-57.1844211316622,-154.568860143337,-75.6359763311324,-193.392075915967,127.686897521525
5.07,163.47009091977,58.2759897095704,157.107313431077,-163.47009091977,-58.2759897095704,-157.107313431077,-76.5144415099415,-198.897781219353,131.42183978672
5.08,163.781473511425,58.4193800156901,157.416832789555,-163.781473511425,-58.4193800156901,-157.416832789555,-76.5784777164822,-199.229475544322,131.688034134812
5.09,161.222947104235,57.7710816013373,156.771919677007,-161.222947104235,-57.7710816013373,-156.771919677007,-76.8134974761565,-196.014506584546,129.694181196595
5.1,158.830599495892,57.170567285978,155.768636730063,-158.830599495892,-57.170567285978,-155.768636730063,-76.6414473966789,-193.038806709235,127.783459194321
5.11,156.844356007914,56.6200490447278,154.91031166866,-156.844356007914,-56.6200490447278,-154.91031166866,-76.5358497654809,-190.565529101928,126.205755377598
5.12,153.205672967345,55.6710066752312,153.033209768416,-153.205672967345,-55.6710066752312,-153.033209768416,-76.004244226127,-186.081978224495,123.273534966582
5.13,127.453451672374,139.69859505336,-4.12710812625299,-127.453451672374,-139.69859505336,4.12710812625299,174.497842497549,-172.204033742843,70.8347308315503
5.14,164.154444100599,86.5272388139409,429.956892743167,-164.154444100599,-86.5272388139409,-429.956892743167,-298.809895156286,-184.888142200868,163.378992864386
5.15,161.862133309188,58.4195599906197,211.999156389789,-161.862133309188,-58.4195599906197,-211.999156389789,-128.108391306026,-191.113599602933,135.166382786561
5.16,162.90073323699,57.2622669251212,156.94955481155,-162.90073323699,-57.2622669251212,-156.94955481155,-77.3441855334648,-197.965404302129,131.260385194655
5.17,162.749580086042,57.145040542613,156.641955136164,-162.749580086042,-57.145040542613,-156.641955136164,-77.179056020225,-197.775220956566,131.160265284654
5.18,164.925673825507,57.5806348541902,157.341324575444,-164.925673825507,-57.5806348541902,-157.341324575444,-77.2134290397998,-200.446793123624,132.9339285309
5.19,168.627762351166,58.370216524905,158.698601829067,-168.627762351166,-58.370216524905,-158.698601829067,-77.3831899259243,-204.992189270461,135.937152367752
5.2,168.463630483464,58.3366361335293,158.499657358899,-168.463630483464,-58.3366361335293,-158.499657358899,-77.2110504564841,-204.777863490593,135.823108044056
5.21,165.47073283178,57.7121667951093,157.201633848937,-165.47073283178,-57.7121667951093,-157.201633848937,-76.8074575244164,-201.077062122053,133.42831737837
5.22,164.119647080139,57.476954733623,156.679961495152,-164.119647080139,-57.476954733623,-156.679961495152,-76.5961029748496,-199.389145645809,132.356042390407
5.23,163.361305729045,57.4076310937124,156.530424568863,-163.361305729045,-57.4076310937124,-156.530424568863,-76.5001981496974,-198.423275668033,131.760283260812
5.24,163.569437387643,57.6280767625042,156.974297742102,-163.569437387643,-57.6280767625042,-156.974297742102,-76.5613869868708,-198.638046825723,131.940584471131
5.25,166.372946497415,58.5521012938294,158.816872012405,-166.372946497415,-58.5521012938294,-158.816872012405,-76.9738313253048,-202.035743826967,134.208937810777
5.26,168.610016699722,59.4822162139761,160.822163269121,-168.610016699722,-59.4822162139761,-160.822163269121,-77.5169780956668,-204.720363553368,136.016006587831
5.27,168.139633769778,59.9913742300194,162.148364549243,-168.139633769778,-59.9913742300194,-162.148364549243,-77.9882189197743,-204.054575801428,135.630419545484
5.28,166.573249448069,60.470553586305,163.482520690775,-166.573249448069,-60.470553586305,-163.482520690775,-78.5072487130164,-202.020067517805,134.340508653681
5.29,163.987263416566,61.0539727758246,164.610419900579,-163.987263416566,-61.0539727758246,-164.610419900579,-78.6909531946428,-198.746258747189,132.190017145649
5.3,156.400748449708,60.5049996201452,164.053780616443,-156.400748449708,-60.5049996201452,-164.053780616443,-78.8713666979716,-189.35049974557,126.113950471459
5.31,142.431920893795,57.4026939874194,159.544194332132,-142.431920893795,-57.4026939874194,-159.544194332132,-78.6200515963432,-171.947572027199,114.833353831859
5.32,128.426668171811,52.9600523468061,154.709407787021,-128.426668171811,-52.9600523468061,-154.709407787021,-79.8308756180755,-154.963129091902,103.84064286697
5.33,120.052491493266,47.353894698175,153.252938081058,-120.052491493266,-47.353894698175,-153.252938081058,-85.2642004976546,-144.632087922637,97.1785640756395
5.34,113.181616006837,40.4411983350006,155.143784328648,-113.181616006837,-40.4411983350006,-155.143784328648,-95.1330911932054,-136.178042712357,91.7678652061698
5.35,107.617496080697,34.8942344684893,162.988435204689,-107.617496080697,-34.8942344684893,-162.988435204689,-108.333323177681,-129.426665231479,87.4499121214841
5.36,104.334116665241,31.409882809973,169.545665173288,-104.334116665241,-31.409882809973,-169.545665173288,-118.15536366284,-125.237708560927,84.9932961230812
5.37,100.461796105099,28.9924677957643,172.754650667821,-100.461796105099,-28.9924677957643,-172.754650667821,-123.827382955881,-120.231204047418,81.9301964655152
5.38,95.5139059864597,27.4572283562194,173.019013490831,-95.5139059864596,-27.4572283562194,-173.019013490831,-125.893103411212,-113.990219398486,77.9045675320508
5.39,91.2156308634611,26.7120183828739,171.944232912963,-91.2156308634611,-26.7120183828739,-171.944232912963,-125.800851750346,-108.578230972086,74.3343750087116
5.4,88.3730909069697,26.5604684657546,170.642122633725,-88.3730909069697,-26.5604684657546,-170.642122633725,-124.797002856879,-105.027481551934,71.9760116832269
5.41,86.3246351094221,26.7203023206256,169.263204542964,-86.3246351094221,-26.7203023206256,-169.263204542964,-123.36268662854,-102.573585978585,70.3081554071819
5.42,85.0976472020958,27.1508230700515,167.989229246027,-85.0976472020958,-27.1508230700515,-167.989229246027,-121.660181692859,-101.174911981686,69.2995488044515
5.43,84.4301853316848,27.8223352579284,167.188613271964,-84.4301853316848,-27.8223352579284,-167.188613271964,-120.10554284915,-100.444634876073,68.6782452943694
5.44,83.5117088756909,28.1819300175449,166.001285894154,-83.5117088756909,-28.1819300175449,-166.001285894154,-118.60624380274,-99.4103449451343,67.8479551057184
5.45,82.4392032952987,28.1850328608908,164.826694720935,-82.4392032952987,-28.1850328608908,-164.826694720935,-117.589324260363,-98.227455547551,66.9418691419647
5.46,81.807516627196,28.0075965688964,163.998714082606,-81.807516627196,-28.0075965688964,-163.998714082606,-117.099813918948,-97.5547233872385,66.3564886110689
5.47,82.3479518499153,27.9246198899539,164.272994739467,-82.3479518499153,-27.9246198899539,-164.272994739467,-117.477195891813,-98.3605606698917,66.7683861655369
5.48,84.1960987214045,28.3261959983941,165.615136229975,-84.1960987214045,-28.3261959983941,-165.615136229975,-118.184995377832,-100.709614910276,68.1449087576482
5.49,87.451966799144,28.8157875062856,167.697968723811,-87.451966799144,-28.8157875062856,-167.697968723811,-119.430438926691,-104.795183017874,70.70114198478
