Time,Plate1_Fx,Plate1_Fy,Plate1_Fz,Plate2_Fx,Plate2_Fy,Plate2_Fz
0.42,-0,-0,-0,-0,-0,-0
0.43,-0,-0,-0,-0,-0,-0
0.44,-0,-0,-0,-0,-0,-0
0.45,-0,-0,-0,-0,-0,-0
0.46,-0,-0,-0,-0,-0,-0
0.47,-0,-0,-0,-0,-0,-0
0.48,-0,-0,-0,-0,-0,-0
0.49,-0,-0,-0,-0,-0,-0
0.5,-0,-0,-0,-0,-0,-0
0.51,-0,-0,-0,-0,-0,-0
0.52,-0,-0,-0,-0,-0,-0
0.53,-0,-0,-0,-0,-0,-0
0.54,-0,-0,-0,-0,-0,-0
0.55,-0,-0,-0,-0,-0,-0
0.56,-0,-0,-0,-0,-0,-0
0.57,-0,-0,-0,-0,-0,-0
0.58,-0,-0,-0,-0,-0,-0
0.59,-0,-0,-0,-0,-0,-0
0.6,-0,-0,-0,-0,-0,-0
0.61,-0,-0,-0,-0,-0,-0
0.62,-0,-0,-0,-0,-0,-0
0.63,-0,-0,-0,-0,-0,-0
0.64,-0,-0,-0,-0,-0,-0
0.65,-0,-0,-0,-0,-0,-0
0.66,-0,-0,-0,-0,-0,-0
0.67,-0,-0,-0,-0,-0,-0
0.68,-0,-0,-0,-0,-0,-0
0.69,-0,-0,-0,-0,-0,-0
0.7,-0,-0,-0,-0,-0,-0
0.71,-0,-0,-0,-0,-0,-0
0.72,-0,-0,-0,-0,-0,-0
0.73,-0,-0,-0,-0,-0,-0
0.74,-0,-0,-0,-0,-0,-0
0.75,-0,-0,-0,-0,-0,-0
0.76,-0,-0,-0,-0,-0,-0
0.77,-0,-0,-0,-0,-0,-0
0.78,-0,-0,-0,-0,-0,-0
0.79,-0,-0,-0,-0,-0,-0
0.8,-0,-0,-0,-0,-0,-0
0.81,-0,-0,-0,-0,-0,-0
0.82,-0,-0,-0,-0,-0,-0
0.83,-0,-0,-0,-0,-0,-0
0.84,-0,-0,-0,-0,-0,-0
0.85,-0,-0,-0,-0,-0,-0
0.86,-0,-0,-0,-0,-0,-0
0.87,-0,-0,-0,-0,-0,-0
0.88,-0,-0,-0,-0,-0,-0
0.89,-0,-0,-0,-0,-0,-0
0.9,-0,-0,-0,-0,-0,-0
0.91,-0,-0,-0,-0,-0,-0
0.92,-0,-0,-0,-0,-0,-0
0.93,-0,-0,-0,-0,-0,-0
0.94,-0,-0,-0,-0,-0,-0
0.95,-0,-0,-0,-0,-0,-0
0.96,-0,-0,-0,-0,-0,-0
0.97,-0,-0,-0,-0,-0,-0
0.98,-0,-0,-0,-0,-0,-0
0.99,-0,-0,-0,-0,-0,-0
1,-0,-0,-0,-0,-0,-0
1.01,-0,-0,-0,-0,-0,-0
1.02,-0,-0,-0,-0,-0,-0
1.03,-0,-0,-0,-0,-0,-0
1.04,-0,-0,-0,-0,-0,-0
1.05,-0,-0,-0,-0,-0,-0
1.06,-0,-0,-0,-0,-0,-0
1.07,-0,-0,-0,-0,-0,-0
1.08,-0,-0,-0,-0,-0,-0
1.09,-0,-0,-0,-0,-0,-0
1.1,-0,-0,-0,-0,-0,-0
1.11,-0,-0,-0,-0,-0,-0
1.12,-0,-0,-0,-0,-0,-0
1.13,-0,-0,-0,-0,-0,-0
1.14,-0,-0,-0,-0,-0,-0
1.15,-0,-0,-0,-0,-0,-0
1.16,-0,-0,-0,-0,-0,-0
1.17,-0,-0,-0,-0,-0,-0
1.18,-0,-0,-0,-0,-0,-0
1.19,-0,-0,-0,-0,-0,-0
1.2,-0,-0,-0,-0,-0,-0
1.21,-0,-0,-0,-0,-0,-0
1.22,-0,-0,-0,-0,-0,-0
1.23,-12.0420879369336,7.6093095881582,323.66625358236,-0,-0,-0
1.24,-45.736356781517,27.3049036453105,592.738973824804,-0,-0,-0
1.25,-50.6590254630924,31.0799081062428,623.375309791538,-0,-0,-0
1.26,-51.6120429244457,32.6898958334568,632.304584803069,-0,-0,-0
1.27,-51.6788138166792,33.8276000077424,636.835419289547,-0,-0,-0
1.28,-51.4713478837591,34.8285799302869,640.246901988745,-0,-0,-0
1.29,-51.170343816264,35.7930620115299,643.494167410901,-0,-0,-0
1.3,-50.8438868434309,36.7534504682921,646.929397253281,-0,-0,-0
1.31,-50.5096293077169,37.7580233448571,650.650822938042,-0,-0,-0
1.32,-50.1902298054828,38.7634176319294,654.678481712922,-0,-0,-0
1.33,-49.8621310574277,39.8387138128074,658.977360233493,-0,-0,-0
1.34,-49.5552463695563,40.9202794263743,663.353689627044,-0,-0,-0
1.35,-49.2460667731699,42.0329440312772,667.697240104667,-0,-0,-0
1.36,-48.9461437463191,43.1784086750323,671.776371388528,-0,-0,-0
1.37,-48.623971957737,44.2850645403455,675.399177040753,-0,-0,-0
1.38,-48.265034403026,45.3303275636269,678.314456603327,-0,-0,-0
1.39,-47.8226112280738,46.259757694546,680.172908317687,-0,-0,-0
1.4,-47.2530159251124,46.9869170390151,680.879526697726,-0,-0,-0
1.41,-46.5380194573437,47.4453006189041,680.381175019949,-0,-0,-0
1.42,-45.6932539568697,47.6242151662627,678.609261195897,-0,-0,-0
1.43,-44.7686607683469,47.5527482522351,675.790889284822,-0,-0,-0
1.44,-43.8456531042347,47.2379288605837,672.280258922746,-0,-0,-0
1.45,-42.9886072506466,46.8980351501604,668.260420174831,-0,-0,-0
1.46,-42.2459419423708,46.5926920263603,664.072299344314,-0,-0,-0
1.47,-41.6315842443969,46.4350795919171,659.827504955,-0,-0,-0
1.48,-41.1217932807304,46.5129378453348,655.634660113192,-0,-0,-0
1.49,-40.7090206586912,46.7772254320252,651.463157505159,-0,-0,-0
1.5,-40.3666411717275,47.2201374304642,647.412729459057,-0,-0,-0
1.51,-40.0879512954504,47.8608585166859,643.338625927333,-0,-0,-0
1.52,-39.8743152664064,48.5565867233437,639.510470921418,-0,-0,-0
1.53,-39.7052025347968,49.2937267916851,635.978486802594,-0,-0,-0
1.54,-39.5691116936024,50.1058043602735,632.6507902896,-0,-0,-0
1.55,-39.4530246212044,50.9353596684908,629.703414195856,-0,-0,-0
1.56,-39.3321560850399,51.8009071256347,627.154226877955,-0,-0,-0
1.57,-39.1919955998262,52.7024546608087,625.030027540441,-0,-0,-0
1.58,-39.0246138172884,53.6701887856266,623.293412132147,-0,-0,-0
1.59,-38.8109820371323,54.71148291945,621.963953251274,-0,-0,-0
1.6,-38.5695984365466,55.8123720436122,620.968828297472,-0,-0,-0
1.61,-38.2771823750165,57.0580432331251,620.272973480186,-0,-0,-0
1.62,-37.9485003972715,58.4297409416125,619.868565776957,-0,-0,-0
1.63,-37.580309460324,59.9918000705873,619.749092291646,-0,-0,-0
1.64,-37.1599050265368,61.8037314900026,620.01101324518,-0,-0,-0
1.65,-36.7323936676282,63.8096348888821,620.732771751232,-0,-0,-0
1.66,-36.3107441516805,66.0329882315451,622.043714527372,-0,-0,-0
1.67,-35.9607121836796,68.2735911079973,624.095811455878,-0,-0,-0
1.68,-35.7414229783426,70.4145849770868,626.836754487201,-0,-0,-0
1.69,-35.7067473484396,72.2984322788898,630.105748145785,-0,-0,-0
1.7,-35.8868154723133,73.8512553377021,633.59302482128,-0,-0,-0
1.71,-36.2580001948905,75.0606330603866,637.099661095251,-0,-0,-0
1.72,-36.8177155314046,76.0249528443489,640.238112933101,-0,-0,-0
1.73,-37.5342921855849,76.7921097298325,642.883153427468,-0,-0,-0
1.74,-38.3495101337991,77.5175177212547,644.998440919439,-0,-0,-0
1.75,-39.25752932733,78.2340962467001,646.468631506768,-0,-0,-0
1.76,-40.2177908343525,79.0393385793365,647.234571147517,-0,-0,-0
1.77,-41.1843618664369,79.9529596265814,647.185124461689,-0,-0,-0
1.78,-42.1117044579185,80.8935586529522,645.762414273006,-0,-0,-0
1.79,-42.7405385749564,81.6085482889766,642.017386425401,-0,-0,-0
1.8,-42.373196713679,80.6831904080369,631.01933249613,-0,-0,-0
1.81,-36.3332947325624,69.0394457319623,580.12491088946,-0,-0,-0
1.82,-4.67867765257196e-05,-0.000163882220983072,0.0501461568089515,-0,-0,-0
1.83,-0,-0,-0,-0,-0,-0
1.84,-0,-0,-0,-0,-0,-0
1.85,-0,-0,-0,-0,-0,-0
1.86,-0,-0,-0,-0,-0,-0
1.87,-0,-0,-0,-0,-0,-0
1.88,-0,-0,-0,-0,-0,-0
1.89,-0,-0,-0,-0,-0,-0
1.9,-0,-0,-0,-0,-0,-0
1.91,-0,-0,-0,-0,-0,-0
1.92,-0,-0,-0,-0,-0,-0
1.93,-0,-0,-0,-0,-0,-0
1.94,-0,-0,-0,-0,-0,-0
1.95,-0,-0,-0,-0,-0,-0
1.96,-0,-0,-0,-0,-0,-0
1.97,-0,-0,-0,-0,-0,-0
1.98,-0,-0,-0,-0,-0,-0
1.99,-0,-0,-0,-0,-0,-0
2,-0,-0,-0,-0,-0,-0
2.01,-0,-0,-0,-0,-0,-0
2.02,-0,-0,-0,-0,-0,-0
2.03,-0,-0,-0,-0,-0,-0
2.04,-0,-0,-0,67.7496358361149,-21.7737744514073,653.444737469002
2.05,-0,-0,-0,70.1217518992374,-25.3747312493263,670.097043057467
2.06,-0,-0,-0,87.7844498349903,-31.6043184081821,745.273854208584
2.07,-0,-0,-0,62.2912942549499,-22.8642873697544,694.203822962509
2.08,-0,-0,-0,45.7279976089905,-29.8310212195129,576.215987070176
2.09,-0,-0,-0,59.0892892798997,-27.6099141250913,672.186794290996
2.1,-0,-0,-0,55.8353443863732,-25.906060909402,669.862940285088
2.11,-0,-0,-0,52.8171308018424,-23.7582653656594,666.377676885459
2.12,-0,-0,-0,50.1610751801072,-21.2871059978215,661.821885046565
2.13,-0,-0,-0,47.9028103177891,-18.6581813316448,656.305582502259
2.14,-0,-0,-0,46.0430361719387,-15.9738445251184,649.962186211248
2.15,-0,-0,-0,44.559010638507,-13.2931424428892,642.962474853897
2.16,-0,-0,-0,43.4012339371962,-10.648026840737,635.440576460181
2.17,-0,-0,-0,26.112558042893,-14.6040663160286,523.704292855172
2.18,-0,-0,-0,39.6876830941769,1.47013668153974,645.311858021726
2.19,-0,-0,-0,59.3440481672012,-2.8624541577757,689.682868108705
2.2,-0,-0,-0,40.7861520370938,-0.0688498615748472,603.68769949555
2.21,-0,-0,-0,39.8133556235263,2.62745772592415,593.028845273191
2.22,-0,-0,-0,35.166287260229,4.59017090344238,559.051570392429
2.23,-0,-0,-0,-0,-0,-0
2.24,-0,-0,-0,-0,-0,-0
2.25,-0,-0,-0,-0,-0,-0
2.26,-0,-0,-0,-0,-0,-0
2.27,-0,-0,-0,-0,-0,-0
2.28,-0,-0,-0,-0,-0,-0
2.29,-0,-0,-0,-0,-0,-0
2.3,-0,-0,-0,-0,-0,-0
2.31,-0,-0,-0,-0,-0,-0
2.32,-0,-0,-0,-0,-0,-0
2.33,-0,-0,-0,-0,-0,-0
2.34,-0,-0,-0,-0,-0,-0
2.35,-0,-0,-0,-0,-0,-0
2.36,-0,-0,-0,-0,-0,-0
2.37,-0,-0,-0,-0,-0,-0
2.38,-0,-0,-0,-0,-0,-0
2.39,-0,-0,-0,-0,-0,-0
2.4,-0,-0,-0,-0,-0,-0
2.41,-0,-0,-0,-0,-0,-0
2.42,-0,-0,-0,-0,-0,-0
2.43,-0,-0,-0,-0,-0,-0
2.44,-0,-0,-0,-0,-0,-0
2.45,-0,-0,-0,-0,-0,-0
2.46,-0,-0,-0,-0,-0,-0
2.47,-0,-0,-0,-0,-0,-0
2.48,-0,-0,-0,-0,-0,-0
2.49,-0,-0,-0,-0,-0,-0
2.5,-0,-0,-0,-0,-0,-0
2.51,-0,-0,-0,-0,-0,-0
2.52,-0,-0,-0,-0,-0,-0
2.53,-0,-0,-0,-0,-0,-0
2.54,-0,-0,-0,-0,-0,-0
2.55,-0,-0,-0,-0,-0,-0
2.56,-0,-0,-0,-0,-0,-0
2.57,-0,-0,-0,-0,-0,-0
2.58,-0,-0,-0,-0,-0,-0
2.59,-0,-0,-0,-0,-0,-0
2.6,-0,-0,-0,-0,-0,-0
2.61,-0,-0,-0,-0,-0,-0
2.62,-0,-0,-0,-0,-0,-0
2.63,-0,-0,-0,-0,-0,-0
2.64,-0,-0,-0,-0,-0,-0
2.65,-64.551334320433,-69.6052209674704,667.710796028011,-0,-0,-0
2.66,-9.23414713869656,-22.8848518966425,484.92325427124,-10.3544073193807,7.02172324137738,226.792878545931
2.67,-15.8781205557641,-31.5510875826475,513.276897129637,-9.74464606513165,6.89401210706333,193.135607039334
2.68,-25.817078818515,-41.8177771195977,551.27188083565,-7.49917863384377,5.68477608163156,147.105329768551
2.69,-32.6470175503749,-49.8688761111314,581.402427088872,-4.88223941284362,4.02333137431291,108.024015049429
2.7,-40.2424373562224,-55.4020315925118,608.524847680988,-3.25977160104097,2.75550235646233,71.2068658284624
2.71,-57.7930310474553,-67.6995155405287,668.491660600981,-0,-0,-0
2.72,-55.1823588932812,-64.1979470477144,661.278347330301,-0,-0,-0
2.73,-52.8187003831098,-60.5419710455626,654.797025609841,-0,-0,-0
2.74,-50.7630873517887,-56.7347203571421,649.103490795253,-0,-0,-0
2.75,-49.0503845670349,-52.6913923171753,643.832562298774,-0,-0,-0
2.76,-47.6712838371589,-48.4260325783257,638.737560106391,-0,-0,-0
2.77,-46.5551982929548,-44.2374063273519,634.35580516839,-0,-0,-0
2.78,-45.7111208417133,-39.7799387090829,629.384650448025,-0,-0,-0
2.79,-45.0255780280422,-35.4989701359377,624.872779911069,-0,-0,-0
2.8,-44.5046051208074,-31.0715045645114,619.666867707476,-0,-0,-0
2.81,-44.0749256057434,-26.7537396942255,614.464825799137,-0,-0,-0
2.82,-43.7120509551705,-22.6064211751643,609.487487352689,-0,-0,-0
2.83,-43.4869389552185,-18.373536616829,604.041629254499,-0,-0,-0
2.84,-43.3953719692475,-14.3025880318998,599.121955569416,-0,-0,-0
2.85,-43.4850361713248,-10.325538930327,594.715069183498,-0,-0,-0
2.86,-43.7813664707173,-6.35379172208372,590.680880975108,-0,-0,-0
2.87,-44.2619294238872,-2.36651638233241,587.008232836473,-0,-0,-0
2.88,-44.8192210537061,1.41221308947689,584.347103896756,-0,-0,-0
2.89,-45.4456819869248,5.16148813653287,582.008269225381,-0,-0,-0
2.9,-46.0854061882454,8.81915798249388,580.019148224243,-0,-0,-0
2.91,-46.6773363406332,12.260533367779,578.534874793921,-0,-0,-0
2.92,-47.1946156115772,15.4310969008386,577.441903263844,-0,-0,-0
2.93,-47.6614325834802,18.3819489599143,576.27800172478,-0,-0,-0
2.94,-48.0574672214718,20.9560424652798,575.174846425074,-0,-0,-0
2.95,-48.4046332366974,23.098505641057,573.968655075391,-0,-0,-0
2.96,-48.7669918994371,24.8988447890681,572.190238945051,-0,-0,-0
2.97,-49.0722992910689,26.2749172369918,570.259220696523,-0,-0,-0
2.98,-49.331165108962,28.0486161983526,567.000995738089,-0,-0,-0
2.99,-49.1331108568333,31.4532249915559,563.007513894491,-0,-0,-0
3,-47.9823822645695,39.0215056724043,560.293333451346,-0,-0,-0
3.01,-46.1312970529091,52.0994928394555,565.946328474992,-0,-0,-0
3.02,-45.8295362472627,65.6461024841811,586.943405379213,-0,-0,-0
3.03,-48.8014658403514,72.33942486351,616.376016823632,-0,-0,-0
3.04,-53.5918230168261,72.001626787089,641.10975399187,-0,-0,-0
3.05,-58.1682028415812,69.0736957842264,656.513896236448,-0,-0,-0
3.06,-61.7834594775836,66.2744955676618,664.651530522767,-0,-0,-0
3.07,-64.4402324037239,64.7714961826137,668.413259852709,-0,-0,-0
3.08,-66.3922335441505,64.9232649198848,669.763600610861,-0,-0,-0
3.09,-67.8601999568801,67.0605495045722,670.141727517262,-0,-0,-0
3.1,-69.0824379845238,71.2772198405164,670.433316359313,-0,-0,-0
3.11,-70.215717971291,77.5645585402522,671.233619957478,-0,-0,-0
3.12,-71.3426775165733,85.7517386761191,672.839494980245,-0,-0,-0
3.13,-72.5051845664388,95.5263805848587,675.353824051871,-0,-0,-0
3.14,-73.6446320808445,106.458674629221,678.657957189332,-0,-0,-0
3.15,-74.6493618417808,117.977475440457,681.846744480177,-0,-0,-0
3.16,-72.955914055102,124.969469727347,672.597081510077,-0,-0,-0
3.17,-0,-0,-0,-0,-0,-0
3.18,-0,-0,-0,-0,-0,-0
3.19,-0,-0,-0,-0,-0,-0
3.2,-0,-0,-0,-0,-0,-0
3.21,-0,-0,-0,-0,-0,-0
3.22,-0,-0,-0,-0,-0,-0
3.23,-0,-0,-0,-0,-0,-0
3.24,-31.2879785595028,38.7585680131223,433.626051678928,-0,-0,-0
3.25,-98.7315756273883,103.818840115484,718.903631200038,-0,-0,-0
3.26,-99.4221851838134,105.365704204359,711.998044006922,-0,-0,-0
3.27,-99.5762140957236,105.51735801248,701.982305070639,-0,-0,-0
3.28,9.75802821973226,-6.12979157440548,276.041753570566,-9.61858382659171,-13.4985363982885,450.385324558762
3.29,-4.01037549179908e-10,33.522644043815,67.0452880707749,-64.1074661209356,154.294511284226,436.803954790145
3.3,-0,-0,-0,128.651150766415,-182.22185021122,749.853803255761
3.31,-0,-0,-0,213.888652447011,-392.452311901694,1274.27502134075
3.32,-0,-0,-0,54.3367076162278,-90.4967026393581,700.112384578328
3.33,-0,-0,-0,51.4769649698844,-86.6344862017506,694.913309912477
3.34,-0,-0,-0,48.8976110518441,-82.6824763080728,689.24460802761
3.35,-0,-0,-0,46.5871154800264,-78.6980084872419,682.946480741288
3.36,-0,-0,-0,44.5797010592181,-74.6864866199057,676.037830012077
3.37,-0,-0,-0,42.8398352655363,-70.7448232217325,668.60635343967
3.38,-0,-0,-0,41.3903539283131,-66.737509701526,660.700446938079
3.39,-0,-0,-0,40.1888302490023,-62.749694945924,652.465041313283
3.4,-0,-0,-0,39.2288238162952,-58.7598821450636,644.026129718066
3.41,-0,-0,-0,38.4854118003749,-54.790430634228,635.537270725508
3.42,-0,-0,-0,37.9479298246436,-50.7679801060562,627.132065745403
3.43,-0,-0,-0,37.5461887185295,-46.8064992364335,619.015712075061
3.44,-0,-0,-0,37.2641124444886,-42.8299956339987,611.335748141079
3.45,-0,-0,-0,37.0659805906178,-38.861219419238,604.260326440522
3.46,-0,-0,-0,36.9284276076471,-34.9112401236974,597.919151293035
3.47,-0,-0,-0,36.8276272122871,-30.9995628298319,592.369999847752
3.48,-0,-0,-0,36.7250289697706,-27.1534884014884,587.521237045103
3.49,-0,-0,-0,36.5420018198985,-23.3688596786235,582.935914017638
3.5,-0,-0,-0,35.989816156841,-19.7794493504573,576.800526520501
3.51,-0,-0,-0,33.7247125746636,-15.7556596190622,559.148145557816
3.52,-0,-0,-0,10.6512733827631,-6.00286607430508,329.022679969318
3.53,-0,-0,-0,-0,-0,-0
3.54,-0,-0,-0,-0,-0,-0
3.55,-0,-0,-0,-0,-0,-0
3.56,-0,-0,-0,-0,-0,-0
3.57,-0,-0,-0,-0,-0,-0
3.58,-0,-0,-0,-0,-0,-0
3.59,-0,-0,-0,-0,-0,-0
3.6,-0,-0,-0,-0,-0,-0
3.61,-0,-0,-0,-0,-0,-0
3.62,-0,-0,-0,-0,-0,-0
3.63,-0,-0,-0,-0,-0,-0
3.64,-0,-0,-0,-0,-0,-0
3.65,-0,-0,-0,-0,-0,-0
3.66,-0,-0,-0,-0,-0,-0
3.67,-0,-0,-0,-0,-0,-0
3.68,-0,-0,-0,-0,-0,-0
3.69,-0,-0,-0,-0,-0,-0
3.7,-0,-0,-0,-0,-0,-0
3.71,-0,-0,-0,-0,-0,-0
3.72,-0,-0,-0,-0,-0,-0
3.73,-0,-0,-0,-0,-0,-0
3.74,-0,-0,-0,-0,-0,-0
3.75,-0,-0,-0,-0,-0,-0
3.76,-0,-0,-0,-0,-0,-0
3.77,-0,-0,-0,-0,-0,-0
3.78,-0,-0,-0,-0,-0,-0
3.79,-0,-0,-0,-0,-0,-0
3.8,-0,-0,-0,-0,-0,-0
3.81,-0,-0,-0,-0,-0,-0
3.82,-0,-0,-0,-0,-0,-0
3.83,-0,-0,-0,-0,-0,-0
3.84,-0,-0,-0,-0,-0,-0
3.85,-0,-0,-0,-0,-0,-0
3.86,-0,-0,-0,-0,-0,-0
3.87,-0,-0,-0,-0,-0,-0
3.88,-0,-0,-0,-0,-0,-0
3.89,-47.4827432536268,-52.9506775034989,568.458424452248,-0,-0,-0
3.9,-74.0829462120631,-107.797121270631,674.44531505995,-0,-0,-0
3.91,-71.2329201311405,-83.1901029917625,671.448368642585,-0,-0,-0
3.92,-63.1740291258853,-46.8277157161642,688.267846563294,-0,-0,-0
3.93,-67.1786964400553,-79.4713479247563,672.213942532119,-0,-0,-0
3.94,-65.5374634524099,-78.5380700359558,668.124612256125,-0,-0,-0
3.95,-63.5274568739367,-77.0559089568773,663.782055327263,-0,-0,-0
3.96,-61.4031507920597,-74.7681634447591,658.413876132785,-0,-0,-0
3.97,-59.2272441671463,-72.2383087455962,653.39058481248,-0,-0,-0
3.98,-57.2234353910007,-69.2347994567603,648.07073862581,-0,-0,-0
3.99,-55.3955644395578,-66.232614325699,643.630178225109,-0,-0,-0
4,-53.8345238283664,-63.0699307721801,639.494266489391,-0,-0,-0
4.01,-52.4983364017463,-59.9428012448985,635.991511058307,-0,-0,-0
4.02,-41.1864897588135,-24.9012663085091,599.813777530493,-0,-0,-0
4.03,-52.7980466949425,-58.603643805851,621.840051952939,-0,-0,-0
4.04,-58.3090628353881,-79.3523211073066,668.700784305895,-0,-0,-0
4.05,-49.1911601662682,-48.6138409125482,623.901765327543,-0,-0,-0
4.06,-48.5384200148938,-46.0085003427196,620.914226645913,-0,-0,-0
4.07,-47.9579771960892,-43.4641780981955,617.577470535859,-0,-0,-0
4.08,-47.4158639704338,-41.0846207574904,614.183604221355,-0,-0,-0
4.09,-46.8913400284649,-38.8562497859471,610.830347155399,-0,-0,-0
4.1,-9.22186937528674,33.1584553641616,691.095125703234,-0,-0,-0
4.11,-26.2569430439317,1.01156979688211,615.221046567589,-0,-0,-0
4.12,-103.910370401238,-140.325414574659,509.85140771726,-0,-0,-0
4.13,-46.6312492593852,-33.139216012334,603.517438107767,-0,-0,-0
4.14,-46.5681340237462,-31.9646990196705,602.751599196338,-0,-0,-0
4.15,-46.6724455466393,-31.1467670978511,602.679269886258,-0,-0,-0
4.16,-39.2451309526151,-44.8515522919793,719.983436914517,-0,-0,-0
4.17,-40.5091719758264,-31.0499055239519,615.071848828318,-0,-0,-0
4.18,-59.5942851453349,-13.8609024897909,478.486508788432,-0,-0,-0
4.19,-48.1590421021242,-29.0537911844748,609.434687262806,-0,-0,-0
4.2,-48.6648670858887,-28.3531282635461,613.465919456336,-0,-0,-0
4.21,-137.518605156632,-142.824603961642,604.16836702493,-0,-0,-0
4.22,-16.9981668628473,7.15554875696725,621.500249507596,-0,-0,-0
4.23,8.87363754815664,63.4698937135717,647.778173762608,-0,-0,-0
4.24,-48.8847532176967,-18.8683131788632,638.430542240002,-0,-0,-0
4.25,-49.2867496107679,-17.0419223818566,648.361508052143,-0,-0,-0
4.26,-50.0145107221541,-16.1288125302532,658.303672284949,-0,-0,-0
4.27,-51.0316414424386,-15.9334959714972,666.988107599741,-0,-0,-0
4.28,-52.2197246174814,-15.9593033372518,673.688903899937,-0,-0,-0
4.29,-53.4200656875191,-15.7554315531538,678.246068949015,-0,-0,-0
4.3,-32.9379669335334,-22.1442630958693,562.217549293786,-0,-0,-0
4.31,-60.7217999590646,-2.92573866069499,710.781948156997,-0,-0,-0
4.32,-72.9187542356801,-15.6313595777295,769.789490308056,-0,-0,-0
4.33,-57.6522810657563,-10.8115108097301,682.141539558913,-0,-0,-0
4.34,-58.3575183370185,-8.77588296815262,681.042610980748,-0,-0,-0
4.35,-58.9341484353848,-6.70622084998239,679.644238483138,-0,-0,-0
4.36,-59.3456878518546,-4.66195579907804,677.898448007827,-0,-0,-0
4.37,-61.6124905845624,24.2600592083236,619.199792273488,-0,-0,-0
4.38,-56.5474530102629,-5.51120650702762,669.89962021479,-0,-0,-0
4.39,-59.5648038529087,-22.3298670410035,732.339100915685,-0,-0,-0
4.4,-59.6432048615047,1.3285397404897,668.497631680162,-0,-0,-0
4.41,-59.4290524488724,2.43177468508313,665.367768613261,-0,-0,-0
4.42,-59.1351044606448,3.36672539555541,662.066655859179,-0,-0,-0
4.43,-58.8215341779109,4.14738574825211,658.727929318676,-0,-0,-0
4.44,-58.5237826385354,4.87838454887284,655.281401568926,-0,-0,-0
4.45,-58.2847993276475,5.54538039432361,652.034333829367,-0,-0,-0
4.46,-75.0564594430769,8.31364217406055,737.725468262675,-0,-0,-0
4.47,-69.3480395148505,21.4165762111001,698.283622203499,-0,-0,-0
4.48,-28.6396325482672,-10.510725777181,501.754144233882,-0,-0,-0
4.49,-58.2948891050299,8.59724785913302,641.818553204605,-0,-0,-0
4.5,-58.5310749498847,9.45082531421902,639.937272596938,-0,-0,-0
4.51,-58.7744663919132,10.3210568690348,638.203438169965,-0,-0,-0
4.52,-59.0282064466844,11.2002624663884,636.646503531588,-0,-0,-0
4.53,-59.2673582830659,12.0636665323801,635.194670223926,-0,-0,-0
4.54,-59.4699282517993,12.884488904448,633.762964158432,-0,-0,-0
4.55,-59.6176141235257,13.6349671161205,632.257465345517,-0,-0,-0
4.56,-59.6648922216924,14.2613315262502,630.455447561099,-0,-0,-0
4.57,-27.5127143248632,-9.09887721884713,467.907170490712,-0,-0,-0
4.58,-72.0486851374928,35.5244250574969,695.359246933995,-0,-0,-0
4.59,-69.3753967534677,17.2490738940098,672.853365728024,-0,-0,-0
4.6,-48.5170810334917,12.3481701222244,568.563185687177,-0,-0,-0
4.61,-40.7502382047442,10.1483156840405,524.589445407887,-0,-0,-0
4.62,-26.9966356874129,6.3665440914026,435.206686299647,-0,-0,-0
4.63,-7.83619059507091,1.46262952470375,246.384514751808,-0,-0,-0
4.64,-0.00878691036556223,-0.0252266529633619,8.76233017184707,-0,-0,-0
4.65,-0,-0,-0,-0,-0,-0
4.66,-0,-0,-0,-0,-0,-0
4.67,-0,-0,-0,-0,-0,-0
4.68,-0,-0,-0,-0,-0,-0
4.69,-0,-0,-0,-0,-0,-0
4.7,-0,-0,-0,-0,-0,-0
4.71,-0,-0,-0,-0,-0,-0
4.72,-0,-0,-0,-0,-0,-0
4.73,-0,-0,-0,-0,-0,-0
4.74,-0,-0,-0,-0,-0,-0
4.75,-0,-0,-0,-0,-0,-0
4.76,-0,-0,-0,-0,-0,-0
4.77,-0,-0,-0,-0,-0,-0
4.78,-0,-0,-0,-0,-0,-0
4.79,-0,-0,-0,-0,-0,-0
4.8,-0,-0,-0,-0,-0,-0
4.81,-0,-0,-0,-0,-0,-0
4.82,-0,-0,-0,-0,-0,-0
4.83,-0,-0,-0,-0,-0,-0
4.84,-0,-0,-0,-0,-0,-0
4.85,-0,-0,-0,-0,-0,-0
4.86,-0,-0,-0,-0,-0,-0
4.87,-0,-0,-0,-0,-0,-0
4.88,-0,-0,-0,-0,-0,-0
4.89,-0,-0,-0,-0,-0,-0
4.9,-0,-0,-0,-0,-0,-0
4.91,-0,-0,-0,-0,-0,-0
4.92,-0,-0,-0,-0,-0,-0
4.93,-0,-0,-0,-0,-0,-0
4.94,-0,-0,-0,-0,-0,-0
4.95,-0,-0,-0,-0,-0,-0
4.96,-0,-0,-0,-0,-0,-0
4.97,-0,-0,-0,-0,-0,-0
4.98,-0,-0,-0,-0,-0,-0
4.99,-0,-0,-0,-0,-0,-0
5,-0,-0,-0,-0,-0,-0
5.01,-0,-0,-0,-0,-0,-0
5.02,-0,-0,-0,-0,-0,-0
5.03,-0,-0,-0,-0,-0,-0
5.04,-0,-0,-0,-0,-0,-0
5.05,-0,-0,-0,-0,-0,-0
5.06,-0,-0,-0,-0,-0,-0
5.07,-0,-0,-0,-0,-0,-0
5.08,-0,-0,-0,-0,-0,-0
5.09,-0,-0,-0,-0,-0,-0
5.1,-0,-0,-0,-0,-0,-0
5.11,-0,-0,-0,-0,-0,-0
5.12,-0,-0,-0,-0,-0,-0
5.13,-0,-0,-0,-0,-0,-0
5.14,-0,-0,-0,-0,-0,-0
5.15,-0,-0,-0,-0,-0,-0
5.16,-0,-0,-0,-0,-0,-0
5.17,-0,-0,-0,-0,-0,-0
5.18,-0,-0,-0,-0,-0,-0
5.19,-0,-0,-0,-0,-0,-0
5.2,-0,-0,-0,-0,-0,-0
5.21,-0,-0,-0,-0,-0,-0
5.22,-0,-0,-0,-0,-0,-0
5.23,-0,-0,-0,-0,-0,-0
5.24,-0,-0,-0,-0,-0,-0
5.25,-0,-0,-0,-0,-0,-0
5.26,-0,-0,-0,-0,-0,-0
5.27,-0,-0,-0,-0,-0,-0
5.28,-0,-0,-0,-0,-0,-0
5.29,-0,-0,-0,-0,-0,-0
5.3,-0,-0,-0,71.336021046525,-10.8872591414217,605.851855667436
5.31,-0,-0,-0,71.8708113431212,-6.63551287405734,621.274453493521
5.32,-0,-0,-0,68.4264114778237,0.658174689390393,631.387365777037
5.33,-0,-0,-0,63.9205733306032,9.5777726524307,643.428516987565
5.34,-0,-0,-0,59.7116266743765,18.0089681728552,655.563799589113
5.35,-0,-0,-0,56.9067838917618,24.046041471248,665.446473951497
5.36,-0,-0,-0,55.971785936205,26.7919053352322,671.513353080666
5.37,-0,-0,-0,56.7182312355282,26.5344540993472,673.555168950053
5.38,-0,-0,-0,58.5479638423936,24.2158197206928,672.324081911146
5.39,-0,-0,-0,60.8942675694446,20.9327898956478,669.177886149991
5.4,-0,-0,-0,63.2592704301242,17.527826469513,665.039841093876
5.41,-0,-0,-0,65.3482373400181,14.4815896238527,660.770287949655
5.42,-0,-0,-0,67.0133786754257,12.0869180121284,656.950135716333
5.43,-0,-0,-0,68.1235443196825,10.4088964907561,653.925117322971
5.44,-0,-0,-0,68.7235942869422,9.57728983700646,652.273908374416
5.45,-0,-0,-0,68.7428487083865,9.53462345225635,652.015011637325
5.46,-0,-0,-0,68.1894767551954,10.2769990524711,653.165722290685
5.47,-0,-0,-0,67.1393031941659,11.7664542890101,655.655929671403
5.48,-0,-0,-0,65.6219677385077,13.9044038791553,659.136833916004
5.49,-0,-0,-0,63.7620239068608,16.5529086986283,663.314790358492
