Time,Moment_ElbowFlexion,Moment_ElbowPronation,Moment_WristAbduction,Moment_WristFlexion,Force_ElbowHumeroUlnar_AnteroPosteriorForce,Force_ElbowHumeroUlnar_AxialMoment,Force_ElbowHumeroUlnar_LateralMoment,Force_ElbowHumeroUlnar_MedioLateralForce,Force_ElbowHumeroUlnar_ProximoDistalForce,Force_WristRadioCarpal_AxialMoment,Force_WristRadioCarpal_DorsoVolarForce,Force_WristRadioCarpal_ProximoDistalForce,Force_WristRadioCarpal_RadialForce
1.07,19.4354210828756,30.547029198558,39.2254572449069,33.0722504886094,27.7749841641537,-24.2918267338212,42.9372192985231,57.1249491848133,-64.7865835988474,-39.5853718634254,-13.848750506595,82.5950405163699,122.483212400745
1.08,19.5607372850766,30.5262114722382,39.2591947710036,33.3411738491874,27.9786277675855,-24.4175476937309,43.0380846509249,57.0363383392526,-64.8658017744582,-39.6326241905654,-13.8877971386309,83.3273162059583,122.705086350752
1.09,19.6685376525844,30.502529892736,39.2715625882416,33.5469044384202,28.0979422886618,-24.5267156941468,43.129821071499,57.0317922130689,-64.823892933561,-39.6579740922,-14.0295502271193,83.9233558626348,122.847383917668
1.1,19.7621310289135,30.480304164245,39.2691380601244,33.6985720288308,28.1545543411905,-24.6190136061707,43.2157166703405,57.1004086871943,-64.7001874598464,-39.6685485471243,-14.2636075149559,84.4001389856781,122.923796983596
1.11,19.8341265708493,30.4673417568121,39.2590309297237,33.7894502440443,28.1806619023641,-24.674000891111,43.2942923712011,57.2184926831257,-64.5466175300259,-39.6725193107326,-14.5322815044736,84.7233773596808,122.962112260433
1.12,19.8978894810253,30.4395270746255,39.2323078557649,33.8753075043955,28.1905566737164,-24.7277399696341,43.355322146317,57.3097066415543,-64.3647919704949,-39.659695013173,-14.77366959668,84.9993613548686,122.948704782947
1.13,19.9559077118216,30.3955473866293,39.1906297782654,33.9660257695529,28.1973054383558,-24.7818303500501,43.3976744201154,57.357203500905,-64.1724035017345,-39.631888002267,-14.9624224484852,85.2473005224555,122.896166115924
1.14,20.0101484981526,30.3344705170293,39.1347008738157,34.0671009040732,28.2082051012018,-24.8372811176598,43.4205258292473,57.3534505468548,-63.9792981242562,-39.5898977405947,-15.0864900965693,85.4813973167843,122.813403619012
1.15,20.0614209860706,30.2518457984592,39.0634488690165,34.1876585114538,28.2348985425056,-24.8936187595364,43.4187305468059,57.2771301417933,-63.7969718156781,-39.5327789560774,-15.0966137674357,85.7176550210964,122.724640507025
1.16,20.1133571035557,30.1612264327587,38.9808312353856,34.3043156943087,28.2436575701678,-24.9574239874589,43.4109078813148,57.2087462281187,-63.5931257972554,-39.4637429342067,-15.1750789857004,85.9448433117199,122.558213638068
1.17,20.1619379871687,30.0490508178861,38.8839216224476,34.439024359102,28.2812569369966,-25.0114553117932,43.3723833044374,57.0586890861403,-63.4178001843992,-39.3814723191531,-15.0801153853389,86.1744889270134,122.436776675454
1.18,20.2342004038291,29.9995845350502,38.8419337574988,34.5506721291576,28.3477369231044,-25.03423814501,43.381479681662,57.0366429140726,-63.3404054104055,-39.3587122960547,-15.0377951533704,86.3870955923276,122.455106733548
1.19,20.3837826148647,30.0096889436068,38.8711743307511,34.7199175414276,28.4253466448152,-25.0987655411192,43.4660773270897,57.2013286770516,-63.3427669397029,-39.4112299323854,-15.1027930604644,86.8376659103634,122.711629738409
1.2,20.560589789207,30.0507755805622,38.9274746941333,34.8827311300824,28.4971715060685,-25.1590102146047,43.5779568136614,57.4807069630643,-63.3716802943259,-39.4937099165492,-15.2374567230572,87.3376021073254,123.069508577827
1.21,20.7766998088586,30.1307248311419,39.0224594610772,35.0542967156956,28.5691399767052,-25.223403367988,43.7286416727118,57.8845752576125,-63.4407394858895,-39.6182307795448,-15.4442094855043,87.9240746643766,123.556144989084
1.22,21.0390094854114,30.2798630591402,39.1773812407632,35.2060055116673,28.6253360143275,-25.2793934826451,43.9446399285306,58.5213562768305,-63.5533605166926,-39.8075916642165,-15.8155384241733,88.5937434237225,124.233763960883
1.23,21.3622401382677,30.5435469139827,39.4264016007652,35.3041535214052,28.6528766488038,-25.3091071625144,44.265068893496,59.5401678478259,-63.7306752055836,-40.0988802370445,-16.4673568712838,89.3472078586261,125.205333091571
1.24,21.7691645940489,31.0153860981029,39.8400810898335,35.2762718331152,28.6513378388908,-25.258723838397,44.7620059358866,61.2024497878201,-64.0496274930651,-40.5696978077887,-17.5719600803916,90.1309525608433,126.676175611972
1.25,22.3040085336794,31.9017224942788,40.5765866979757,34.9719831799585,28.6200015524354,-25.0217239143872,45.6016326594926,64.066631098362,-64.6766262458266,-41.3921408537724,-19.5198433017141,90.8493915989208,129.070851541958
1.26,23.0985371711356,33.5479117748272,41.9210019236131,34.2191949117791,28.5836936412793,-24.4653866140995,47.077188060434,69.1422813961813,-65.9476520077306,-42.8788165463291,-22.8749248273759,91.660495609994,133.393283032789
1.27,24.3289701744877,36.4431106407958,44.2537639094521,32.7157917300286,28.4705901346905,-23.4115732023439,49.6139158421182,77.9075074894492,-68.1761705978156,-45.4452728675283,-28.8255638981371,92.556411833288,140.65109658187
1.28,27.0627502717298,43.2572439139741,49.8035795399635,29.4995425923909,28.5528983334832,-21.8947172665792,56.0273760796321,101.556318268817,-75.1438017874198,-51.5241429991819,-44.5440348904151,96.2870324598218,161.449448451764
1.29,32.0963653468204,56.8600593292781,61.3686622245672,24.7301913818714,29.4552372360029,-20.8303636365733,69.9189750601568,149.480927958047,-90.7036480996826,-64.0015684673027,-75.6427360583676,105.708792004031,205.43318195765
1.3,39.2201950117221,77.3989440168446,79.4569327325608,19.3326321747839,32.070368729132,-19.9762361237079,91.3975835986335,216.452288307904,-114.844620922288,-83.3255420702992,-117.393717193878,119.014597742671,269.291747128373
1.31,45.051752915667,95.3510147635272,95.7431960243657,16.048432118228,35.6759004083028,-19.6454446909204,110.506094810972,270.674566471222,-136.889015104838,-100.617648134056,-149.210430799871,130.1490945466,323.632255221128
1.32,45.5617253567448,95.6261400506598,95.9884866847528,16.2932302285554,35.6426807708334,-19.5379407894342,110.772546213343,271.393583085061,-136.738686586698,-100.968872262758,-149.465427748445,131.078856891211,324.384373849838
1.33,45.8392163101861,95.0412202529015,95.4536738755348,16.6920109890516,35.4314986938802,-19.3972313541681,110.091029046106,269.46714720688,-135.501205421573,-100.49666536116,-148.104441800522,131.517393392152,322.546399996757
1.34,46.1288085762374,94.4498237259063,94.9113866196269,17.0763858157524,35.1712305993448,-19.2625742926696,109.402896766341,267.576704569772,-134.197521638388,-100.01178884074,-146.857868999835,132.010007538074,320.650490261598
1.35,46.4387068911012,93.8645865885175,94.3746622615644,17.4522870173943,34.8412994826232,-19.1602097936806,108.736356414916,265.82028613183,-132.820047882468,-99.5260743219819,-145.824068182993,132.650121604194,318.766792366944
1.36,46.7526243714054,93.2627452384282,93.8309554358757,17.8404686265862,34.5175915782504,-19.0564900179583,108.04822111252,264.006885822053,-131.440331595827,-99.0292603531188,-144.701650637442,133.328066090836,316.901519753451
1.37,47.073881331871,92.6740309926619,93.2893101156142,18.1853808848589,34.1375991347224,-18.9487812694283,107.37195405227,262.319606851868,-130.007367104828,-98.5304275064992,-143.796946384452,134.017422325473,314.998587606933
1.38,47.4001504555379,92.0719542618765,92.7302374064723,18.5031936797947,33.7311181607874,-18.8197570380166,106.667705989029,260.636929874389,-128.532173754768,-98.0118458029256,-142.919089115915,134.709393329295,313.06838214106
1.39,47.7240684821573,91.4692338389218,92.1721691240274,18.8133390518589,33.3159006555255,-18.694610283692,105.965230255945,258.997761757346,-127.056105265517,-97.490268623694,-142.07087532584,135.41834804641,311.178159821964
1.4,48.0464719636022,90.8825931713999,91.6212004990628,19.0916952974796,32.8505363357981,-18.5924609401527,105.294962557596,257.545147226193,-125.553601105262,-96.9707428787223,-141.476384743618,136.141602460501,309.310386454565
1.41,48.3651744280615,90.2996283829396,91.0810357264305,19.3825758376158,32.4041162485121,-18.5114571936957,104.640401870981,256.164839296201,-124.104765986561,-96.4588373291145,-140.867526609194,136.912640065307,307.590110142417
1.42,48.6773639223845,89.7391025163608,90.5592262319933,19.6554970508415,31.941495315416,-18.4526645575863,104.024879803981,254.945920667221,-122.679168484236,-95.961397314011,-140.418499170362,137.696062648587,305.96083388689
1.43,48.9813559757495,89.2150889369804,90.0738463726383,19.9238165401392,31.4708258413413,-18.4295993907084,103.472867005253,253.899608007911,-121.293877028291,-95.4953344569844,-140.131153678293,138.497878752608,304.443313507809
1.44,49.2713605866152,88.7205232881041,89.6272895037821,20.2124230785816,31.053068723887,-18.4298318714745,102.969156311852,252.944614387021,-120.023265240516,-95.0655945946684,-139.790872946717,139.324815014896,303.14474068761
1.45,49.5503460049404,88.2851402858577,89.2285366972307,20.4673815860669,30.6329025581222,-18.447466571714,102.545527267872,252.250851793598,-118.826812719075,-94.6819303676934,-139.692032993874,140.123747041957,301.998405632061
1.46,49.8201518942833,87.9106470273858,88.8945951409107,20.7314020391396,30.2900594845851,-18.4669154515785,102.194133993384,251.69804221524,-117.796507595639,-94.3644727889001,-139.551299677663,140.906521152891,301.125034581805
1.47,50.0872543991297,87.6295398185108,88.640729135166,20.9599457322879,29.9846965697318,-18.4796934619267,101.946539111431,251.42310619033,-116.91069770534,-94.1298579837101,-139.609992425991,141.630754105118,300.474181413416
1.48,50.3542280531913,87.438578270676,88.4802588159311,21.1979123533022,29.8064464471414,-18.4649903505051,101.78450636604,251.271818697631,-116.269654480537,-93.9952669824054,-139.54113770318,142.311096747911,300.16648608975
1.49,50.6222213415312,87.3654387555402,88.4249375983924,21.4004036267553,29.7112675698297,-18.409729771514,101.732448042491,251.330466482616,-115.830173395486,-93.9725856268756,-139.55558742813,142.892914561186,300.101187406241
1.5,50.8903716549852,87.4001973868602,88.4795386368304,21.6065557509659,29.764085912361,-18.2991368237328,101.769909904103,251.456032098668,-115.651288633716,-94.0687589546447,-139.374747074884,143.392653998626,300.354818584263
1.51,51.1591639186341,87.5587800200874,88.6415197440599,21.7672240164984,29.8890570378548,-18.1362217605259,101.918779957359,251.782950084157,-115.648540843214,-94.2798199458121,-139.293974331785,143.770643702682,300.805019928826
1.52,51.4254507083504,87.8201413978341,88.9043488209878,21.9220520343611,30.1340819462276,-17.9199308425118,102.154400731176,252.189676557818,-115.858273478677,-94.6001113172391,-139.071562118719,144.058868730294,301.522110142889
1.53,51.6883293135437,88.1912178355616,89.2589747817487,22.0291487672469,30.4230466151854,-17.6657116893462,102.494639569415,252.812099718907,-116.19900456331,-95.0184574806241,-138.994755828121,144.239184000653,302.405110160757
1.54,51.9453547568111,88.6485972596004,89.6959357373297,22.1271445483397,30.7994180352788,-17.3821353604062,102.915905878394,253.550633605007,-116.710671255582,-95.5260203725589,-138.852695946086,144.358238787281,303.537601347532
1.55,51.5871126615036,87.1956091564847,88.3986010138741,22.5851115377379,30.7597607212496,-17.3578762877362,101.404382535817,249.239949043923,-115.119150564244,-94.18371468248,-135.906398963773,143.570440088286,299.530422958479
1.56,47.248793145534,71.0188015096842,73.8800913497091,26.653102588731,27.1423734973115,-20.6478056326944,85.6330247763588,209.650925624106,-97.8165978899979,-78.7236436843568,-114.604431949824,139.167944261953,259.022742558524
1.57,44.0206122841386,57.7409336210686,62.451107680562,31.4747186433631,24.3706781408634,-24.2422164097865,73.1987419508629,174.597366760985,-83.246440982619,-66.3980657609299,-95.389572485071,138.343154722694,224.611835388837
1.58,42.152861640983,48.7408015499489,55.0497666865989,35.7713119672344,22.8097480813041,-26.9109254764739,64.9020578018842,147.676672415238,-72.9901212742253,-58.3292778233925,-80.0498623647063,138.351996248562,199.147312503953
1.59,40.8716069132892,42.9002262439055,50.4354152821185,39.086615846526,21.9608007187772,-29.0153500383555,59.7895360899654,129.243313422858,-66.2911760234173,-53.2143567127152,-69.2750856462493,138.977411915218,182.210732455806
1.6,39.9767584624889,39.2512334797742,47.6257924336138,41.3603860062983,21.5257463427356,-30.5212495111023,56.7587547843536,117.491187160721,-62.1451258182285,-50.0582337705041,-62.2919541909869,139.470046719476,171.556617720269
1.61,39.2612628503306,36.911937670603,45.8413571581971,42.8254797676047,21.3393405752466,-31.4814395382085,54.8656974720181,109.659288993088,-59.5058030785776,-48.0328806254413,-57.5140532702372,139.452325725769,164.481859094272
1.62,38.6376262935472,35.3445979715252,44.6484943719335,43.7662193980217,21.3124577007439,-32.0633254162714,53.6094196779935,104.126833259224,-57.7671452787371,-46.6670283698039,-53.933360868866,139.026448013931,159.566315817976
1.63,38.0665422916073,34.2268736220032,43.7799731397197,44.3447928127854,21.3067633517345,-32.4206948356674,52.7213025273451,100.05760013627,-56.4791853082723,-45.66504546445,-51.3092453354723,138.292102688421,155.806731460257
1.64,37.5033351864447,33.4123979527727,43.1265232729031,44.6540509792892,21.3440979712979,-32.5897033159038,52.0618999511642,96.9124031532899,-55.5214844481377,-44.9061182699997,-49.1889158700816,137.241233700664,152.844170411224
1.65,36.9146864483234,32.808814654483,42.6182985611649,44.7499503715961,21.4132111154459,-32.6118669507427,51.5557401583944,94.3771842917205,-54.78877827669,-44.309663361865,-47.3848957515654,135.886209052529,150.397653473109
1.66,36.3011038452265,32.3401626701028,42.1865656690775,44.6578703441911,21.4371381054023,-32.5353859430445,51.1452649145909,92.3155041356589,-54.1264179422546,-43.7991277218976,-45.987228998013,134.271033822818,148.177025691889
1.67,35.650214306344,31.9527474766658,41.8058021116892,44.4525685582557,21.4720774322821,-32.378590408383,50.7802588650499,90.4573432014256,-53.5432917391811,-43.3452974889292,-44.6405592123181,132.46355921694,146.157121866333
1.68,34.9688956546198,31.6530877072589,41.4775196346335,44.1262837098843,21.4684098941606,-32.1731470599832,50.4867870690471,88.9154738662153,-52.9973718064751,-42.9467448571816,-43.5577714226369,130.507067601466,144.303505872785
1.69,34.2946223678323,31.4806824686732,41.244515351962,43.704659695755,21.4397769747563,-31.9392060773936,50.3162869833621,87.8449726545683,-52.5514588165636,-42.6503287472,-42.8066234619459,128.535137273852,142.820070695752
1.7,33.6051285583218,31.4081490425217,41.0801651790888,43.177845225071,21.3919266154707,-31.6505108400151,50.2245630029603,87.0783570108222,-52.1697932494167,-42.4275904291999,-42.2686948311013,126.463174980372,141.55171889709
1.71,32.8978100074238,31.3411703455549,40.9108844863269,42.6059883539116,21.2791768300117,-31.3623893374213,50.1374086068398,86.3669848583053,-51.7152419205725,-42.1954851526438,-41.8664124474294,124.363125289872,140.219818454751
1.72,32.2159564929989,31.2792310045428,40.745855785698,42.0316219765722,21.0955715865627,-31.100157739156,50.0623633785237,85.7691274006139,-51.1891898487312,-41.9665064019271,-41.5751650476058,122.432013141252,138.982919321364
1.73,31.5584378612244,31.2333892299552,40.579263906349,41.4058891521425,20.7619942775714,-30.8693587483518,50.0174375478958,85.4086876911642,-50.5088664003217,-41.7319877795162,-41.6825284850668,120.641984434072,137.723447588411
1.74,31.0096730035363,31.2177043186441,40.4381942331024,40.7975506759304,20.2599329768264,-30.7166372741132,50.0336686001627,85.4326211829704,-49.679944742551,-41.5252890684815,-42.2438135649338,119.331257860383,136.692155516505
1.75,30.5218598579633,31.1971454901865,40.2839192634925,40.1780545210224,19.6195989588212,-30.6008297382293,50.0517516116501,85.6402189729195,-48.6984008073118,-41.3059607878271,-43.1030779837048,118.26495479974,135.686520480742
1.76,30.0628491343054,31.1558109848472,40.08190249047,39.4799389928158,18.7577646115282,-30.5214897348357,50.0590202474253,86.1512100868549,-47.4652642355893,-41.0359698440845,-44.4339207491799,117.413789708543,134.679863317677
1.77,29.4744354235389,31.0075492151473,39.7691125785665,38.7143042291194,17.9146631843917,-30.376736687214,49.9150060696776,86.1790899119171,-46.1473190954623,-40.6438721082999,-45.4097115294053,116.033935588115,133.164677410643
1.78,28.7658504440395,30.7930009020365,39.3725809343963,37.8418109541606,17.0610630756952,-30.1494187065971,49.6550716526697,85.880204872177,-44.7400121951369,-40.1596435175632,-46.16664316644,114.167434297952,131.241424272164
1.79,27.8020879505165,30.5658471835092,38.9040377573121,36.683515191697,16.2589091422538,-29.689070174449,49.269822174087,85.2153865672174,-43.3298585788311,-39.5962777340336,-46.5734330006835,111.25039783885,128.826099293575
1.8,26.5475275696477,30.5330202678063,38.5224462539604,35.1154368516577,15.6203161997506,-28.9774527782831,48.9891116371572,85.087705061714,-42.3381210076339,-39.1289938112921,-47.0561107796682,107.134669208189,126.818879958186
1.81,25.0506646975048,30.5365163059967,38.0869890358025,33.1829305381016,14.9854350391488,-28.0141619562612,48.6263969248046,84.9590262874041,-41.3658279135405,-38.6095721377748,-47.473457331765,101.931315356952,124.551656764221
1.82,23.4194358069488,30.5638769197498,37.5887180094716,30.9360236403838,14.2134293180452,-26.884250122537,48.2047389724723,85.0850862412087,-40.2579355546822,-38.0315857094808,-48.1819263882009,96.0943012942827,122.148444032469
1.83,21.6217259716468,30.5239859313117,36.9669494543595,28.4579735730853,13.3573653552908,-25.6336415639438,47.6524474232026,85.1233033374979,-39.003955222541,-37.3251268750435,-48.8951042466925,89.5045543963578,119.362329972608
1.84,19.7502374539242,30.5151525187959,36.3092534883963,25.7466507657592,12.3755262005226,-24.2612737156911,47.0694712493285,85.4129327368637,-37.6275118531598,-36.5882359486624,-49.897780944574,82.5163882924088,116.508478336428
1.85,17.8418393186403,30.5040027351118,35.5964395582666,22.8574750937059,11.2862452913134,-22.7761084055302,46.4174874589359,85.8043635833505,-36.1145391152657,-35.8039779840243,-51.0770570466716,75.1825816592819,113.496332572967
1.86,15.9973754885239,30.5577714596453,34.9123984435318,19.8765935303495,10.1847595321485,-21.1671040978249,45.7508565552639,86.3081050290169,-34.6176940928961,-35.0695876461715,-52.3353730965657,67.681999242917,110.517809361609
1.87,14.4419487930067,30.6142205069054,34.2920860396575,17.1848891711508,9.05339811254835,-19.7286891859288,45.1423135539848,86.9163044919121,-33.1045211183479,-34.4128095203367,-53.7514271889985,61.1019784192971,107.808096336436
1.88,13.2055201714077,30.6124516257247,33.7062708031069,14.8995251533975,7.92998821154976,-18.5565989722148,44.5733259006287,87.5745267028752,-31.6170586936291,-33.8010717027076,-55.240126216082,55.6931820625509,105.453423536961
1.89,12.321349214013,30.8141403096868,33.3832629439183,12.9456608665344,6.94877653782252,-17.5985967626151,44.3042843220677,89.0044349797399,-30.5764323249664,-33.4804785576483,-57.1850571915597,51.7260128447184,104.275757201325
1.9,11.772791587347,31.1253241359057,33.3028113406869,11.5259242784198,6.28320477332821,-16.8943409712306,44.2515892226871,90.4504869725127,-30.0504729167896,-33.4194030460668,-58.7821822661508,49.1203195219916,103.964914711884
1.91,11.4691808468348,31.4769188831809,33.3795572733704,10.5550533378999,5.9124259618094,-16.3728078681277,44.307075321919,91.5903964278538,-29.9273095302255,-33.5260131165105,-59.8953038606621,47.3407014297654,104.021200716359
1.92,11.4015873184218,31.8867985863212,33.6619869000792,10.1196566154825,5.94900717225256,-16.0535397934421,44.5028284824239,92.2220182421617,-30.3391237555377,-33.8448180048074,-60.2368509975902,46.3932587341776,104.466114036558
1.93,11.6332467839743,32.36087814216,34.2243909225188,10.4530233236655,6.62521660290955,-15.9989947383469,44.8677248864841,91.9550751360016,-31.5691088987332,-34.451574024844,-59.2826652933142,46.4755757372283,105.377892051596
1.94,12.148233587776,32.9028811351394,35.084723700537,11.5933232032364,8.00376020804539,-16.2146341061157,45.4088697564271,90.6642914406866,-33.7006997684873,-35.3622525262414,-56.8667036537809,47.5406556623017,106.749282936868
1.95,12.9919343973342,33.5391937698628,36.2601989697737,13.5317328811924,10.0131107858086,-16.7286615605966,46.163659779818,88.5882985467647,-36.6987377360059,-36.5981953453918,-53.2238388380578,49.6622617922759,108.711286487213
1.96,14.1857092894397,34.438056574589,37.8064923058315,15.9403928064538,12.4373705766025,-17.4195917156867,47.2467360310053,86.8223788693703,-40.5274299194223,-38.2381136813357,-49.3162331087222,53.007162671294,111.927451485417
1.97,15.1401285207726,35.2779132808623,39.0787970138823,17.6030831898485,14.1587207219215,-17.8956340922341,48.1738426260333,86.1215162531994,-43.5246140132768,-39.599276235044,-46.88773347034,55.6571105699173,114.837285555086
1.98,14.9513446985801,35.3277272425359,38.9710213449152,17.0250877831195,13.8758974909368,-17.5680898767473,47.9433487477284,86.1408689153033,-43.3563770868339,-39.5119544552884,-47.1500605938786,54.3411498609846,114.270960436269
1.99,14.6759344993799,35.2871811673794,38.7101780221499,16.2236000911052,13.3510001401544,-17.1759702041401,47.5897706107931,86.3023223607389,-42.8176495485353,-39.2663203581386,-47.7997964082736,52.7477281069154,113.360490061419
2,14.4646835274947,35.2532775174571,38.4757925786006,15.5061524828536,12.864892339814,-16.8242853633241,47.2562939993342,86.4975764721671,-42.3465180471036,-39.0521766729041,-48.3791884666691,51.448710476765,112.657855436816
2.01,14.3010935265684,35.2131473641669,38.2436872271478,14.8359059528283,12.3523585396689,-16.5210275135017,46.9372365647473,86.7445962539932,-41.8435115568844,-38.8403544193331,-49.0852395671108,50.3420257734463,111.953133575701
2.02,14.1879068171449,35.1482787449155,38.0088656734109,14.2523794191139,11.8470577984049,-16.2740508607982,46.6154878937362,86.9515254425085,-41.3319355722164,-38.6259181187383,-49.7448017964712,49.4724043807503,111.29618427243
2.03,14.1183224352511,35.0645768030871,37.7715146416009,13.7368109600977,11.3400669874305,-16.0763004877228,46.2949233478008,87.1479247222651,-40.8050777955378,-38.4090244501718,-50.4062584866649,48.8082643956557,110.672786553339
2.04,14.0790549545412,34.9791294015459,37.5336452396152,13.2389345950904,10.8399449165821,-15.8837155782409,45.9722146121827,87.3840907103325,-40.2911834606788,-38.1957478370899,-51.0842389582287,48.2302022850985,110.109709668131
2.05,14.0776723443061,34.9019802730544,37.3097376185555,12.7750804098253,10.3468175946773,-15.7139379105999,45.6678790469873,87.6915386071807,-39.7986369785991,-37.9995248544878,-51.8032288298078,47.8139106539489,109.652574981766
2.06,14.1088836174435,34.8208394030854,37.0923585257225,12.3578468702015,9.859500226169,-15.5766982981304,45.37484624714,88.0210477719547,-39.3096499764119,-37.8106871786872,-52.5334858718392,47.5531157120571,109.254936330834
2.07,14.164202040479,34.7312374999193,36.8769496418133,11.9837216168916,9.38424748400684,-15.4648364827493,45.085810963979,88.3390011106694,-38.8243229171827,-37.6242479934224,-53.2434737883724,47.4004278128322,108.885800429397
2.08,14.2356728268017,34.6351639700774,36.6661225930281,11.6516742959539,8.93027663521491,-15.3747084362573,44.8025878192552,88.6281100455612,-38.3532920105713,-37.4422070707337,-53.9094822100375,47.3305296896137,108.538875810652
2.09,14.3073105526873,34.5451581203359,36.4669463835565,11.3388234902416,8.51482897144859,-15.2815049219053,44.5285512826249,88.8848381497174,-37.9266053956787,-37.2725726279993,-54.5029399704383,47.2630025257252,108.219920034853
2.1,14.3777445573282,34.4702760362321,36.2888479453493,11.0456443457511,8.15083054977254,-15.1800220759586,44.2715865413272,89.1080458202382,-37.5679672161825,-37.1252763652327,-55.0056317429654,47.1790148872075,107.945382995001
2.11,14.463220658475,34.4041992520008,36.1339821216332,10.8043797332788,7.83949064416131,-15.0936495804361,44.0348590565589,89.2846126560867,-37.2762142329092,-37.0018187029123,-55.4117910442474,47.146531794836,107.723326917874
2.12,14.5616350582082,34.3482481257974,36.0045088034384,10.6168866539807,7.58796944518101,-15.0206366381549,43.8193685573831,89.4047540773597,-37.0623986115269,-36.9043362503307,-55.705486484368,47.1530779987593,107.554845729182
2.13,14.6782851739117,34.3034031628458,35.9024020606347,10.4882227437895,7.39876544803189,-14.9625118490305,43.6262619152861,89.4716830101489,-36.9330492875457,-36.8353359014373,-55.8863670370828,47.2083963569306,107.449927529067
2.14,14.8105282371603,34.2724962682026,35.8294066602998,10.4139511433292,7.27326227546155,-14.9155776172551,43.457330687319,89.4896306651374,-36.8929822012215,-36.7966389365014,-55.9548640461975,47.2979716289604,107.411462816556
2.15,14.9451785544668,34.2599153000848,35.7861373603626,10.3776868769752,7.21693513866521,-14.8666898222487,43.3128277408682,89.4582816843273,-36.9534246223086,-36.7888033217811,-55.9010785445873,47.369961604721,107.436138878843
2.16,15.091805957335,34.2667081390929,35.7751497091105,10.386219628959,7.22605306580405,-14.8197093021742,43.1948545950679,89.3935518507553,-37.1108977991784,-36.8150804193014,-55.7233347745762,47.4582507726159,107.555935181052
2.17,15.2511200981533,34.3033921531016,35.7943174637622,10.4032755946364,7.24838534556702,-14.7781874861147,43.1176189575853,89.3952635182572,-37.3039751612249,-36.871939269765,-55.6266656359912,47.5526285743097,107.702229358003
2.18,15.4224388332604,34.350617982245,35.8375086120557,10.4644477152369,7.3251972155178,-14.7399716409165,43.0581235244822,89.3634301568525,-37.570560332368,-36.9543002944598,-55.3899505171542,47.6864816623115,107.959238388354
2.19,15.6050254798165,34.4137016269621,35.8982573177709,10.5359588271879,7.40688631249535,-14.7095456127141,43.0253707756511,89.3852661403679,-37.8490961210555,-37.0541106882699,-55.2067262067291,47.8491785241281,108.251646967973
2.2,15.799025778164,34.4849673281835,35.9707029481488,10.6223635889733,7.49133863598497,-14.6894875121886,43.01248604464,89.4493111143529,-38.1290630939411,-37.1651079534555,-55.0563758857306,48.0565729232117,108.584240313884
2.21,16.0049854083519,34.5591323810061,36.0508920658547,10.7276141647328,7.57369988552191,-14.6851155235144,43.0164211335054,89.5486348196605,-38.3980846613683,-37.2825382880334,-54.9435033400134,48.3228209669682,108.944911527688
2.22,16.2246168104837,34.6317944461739,36.1384037983664,10.8641428258525,7.657492484667,-14.7041133910651,43.0359967878346,89.659835213786,-38.6549324229836,-37.4050598053363,-54.8513936154007,48.6663984440205,109.322990305508
2.23,16.4599230069315,34.6998072811156,36.2357476333117,11.0496776197025,7.75353525883484,-14.7548122824819,43.071581334033,89.7479878084918,-38.9091384661202,-37.5342961558619,-54.7460626377532,49.1032602441627,109.710079834113
2.24,16.7127516048845,34.7584926474572,36.3488541572563,11.3170826319492,7.8868016030151,-14.8505181054314,43.1242232531538,89.7426536443397,-39.1868855228402,-37.6747070587402,-54.5524530009695,49.6564684599606,110.093583154266
2.25,16.9701273401972,34.8163920703509,36.4955395729178,11.689172300174,8.09978043210955,-14.9919248757794,43.205477742088,89.5603484680058,-39.544781199741,-37.8422962003901,-54.1602998774863,50.2940736232821,110.466963068277
2.26,17.2293491545348,34.865086611078,36.6844929902537,12.2160783175143,8.4196167852564,-15.2072266171714,43.3208207847977,89.0931273053379,-40.0014400780022,-38.0415051304355,-53.4687786876931,51.0574084847282,110.793093199911
2.27,17.4596343494225,34.9088276056728,36.925155217239,12.9009423527643,8.86640160119661,-15.498394990568,43.4812253754842,88.272863434475,-40.5740525282961,-38.2771782936461,-52.4055019173709,51.889078431754,111.032665183881
2.28,17.6259428523551,34.9630680709647,37.2161370345254,13.6797486495761,9.41709115529766,-15.8397300387546,43.6969831940749,87.187064062924,-41.2443387207643,-38.5469813257068,-51.0500708783807,52.6768972182147,111.192876823422
2.29,17.7725564138436,35.0503215325415,37.5440449328665,14.4617384540318,9.97628508352904,-16.2010149086906,43.9711778819218,86.1760053507834,-41.9324856777999,-38.8481610139683,-49.7475737002651,53.4747508349152,111.415586029589
2.3,17.788596731503,35.2668651782645,37.9171563688112,14.9376769224029,10.5030853298136,-16.378630366232,44.3249670598472,85.6051248583772,-42.6736957376816,-39.2007774315794,-48.7463795004298,53.7099013730197,111.808809130683
2.31,17.7074330749102,35.6832990559116,38.354695899791,14.9684849303131,10.9799750806747,-16.2640251085063,44.7739747005819,85.8387286388568,-43.5492009933344,-39.6446633061075,-48.2941163926253,53.2280882651839,112.619290002006
2.32,17.6167328887664,36.315865752266,38.8791447551945,14.6104234451671,11.44705953541,-15.8637629066168,45.3225433165783,86.9593399383957,-44.662130063079,-40.215257069098,-48.396851838282,52.1842042456591,114.030212212078
2.33,17.5827428052893,37.1027162063934,39.474834745119,14.0322528543702,11.9510957724037,-15.2741862720215,45.9384694753237,88.7552189192983,-46.0347875677381,-40.8942572183505,-48.8809898959819,50.8940989856438,116.014591653848
2.34,17.6344123928413,37.9622389708291,40.1253155190823,13.4379146062572,12.4996322435423,-14.6418892375395,46.6022102973137,90.8411692557283,-47.5605417967176,-41.6469822145474,-49.5357205192884,49.6917399760173,118.313965848184
2.35,17.7838307210515,38.8202974784995,40.8032826743269,12.9695675385328,13.1213876400998,-14.0523210925748,47.2736040039862,92.9161837714079,-49.1912633663013,-42.4359954052786,-50.0740256093334,48.7905711648853,120.829761671099
2.36,17.9802653308235,39.7044526917477,41.5089333049305,12.5271314393276,13.766011891267,-13.4684121009505,47.9731724283978,95.0713440418923,-50.867847691261,-43.2574538187453,-50.7198001420994,48.0239763445366,123.417960374838
2.37,18.2070945120485,40.5844286950965,42.227389513344,12.1473290245599,14.4548414805295,-12.9039118329876,48.676966282146,97.1685928084664,-52.5799606155109,-44.09249416293,-51.2856332058675,47.4266886023106,126.066855379378
2.38,18.4331054819541,41.4262939625315,42.9290990215012,11.8330122538683,15.1712736040492,-12.3754932738082,49.3609840591661,99.1111998110467,-54.2680942108662,-44.9048997157542,-51.7491702601658,46.9527421634983,128.636125321619
2.39,18.6396783424104,42.2261657830943,43.6110904831383,11.5803996240027,15.9205671278471,-11.8825405473172,50.0233328459521,100.863776399113,-55.9318288850041,-45.6894944055962,-52.0778941330423,46.5622737249998,131.095102815459
2.4,18.8018682773052,42.9491159736117,44.2362769788189,11.3729524720775,16.6486907179295,-11.441732590603,50.6387538484492,102.400877685553,-57.4625526605556,-46.403013462037,-52.3250891619673,46.2571416846233,133.330564011677
2.41,18.8256468179088,43.3796553797094,44.5908834045408,11.1756010748922,17.0507654402491,-11.1792732428094,51.0551258819979,103.566103342905,-58.2430898928989,-46.7985152380871,-52.7739010562848,46.1768203871395,134.738134241005
2.42,18.6812963922069,43.482961353776,44.6366780308683,10.9689055278971,17.0443719722015,-11.1291219947658,51.2580256383954,104.342891570892,-58.1351200517491,-46.8281988672116,-53.5808327271235,46.303772137317,135.107754051598
2.43,18.3916536301747,43.3274951216922,44.4568313344084,10.8038286081919,16.8081756515367,-11.2334160603192,51.2861418650019,104.647659331674,-57.4502920115144,-46.5888515385283,-54.3422734817416,46.5642304802336,134.755432955799
2.44,18.0022101121106,43.0412739520006,44.1599218528171,10.64453058965,16.4609030979287,-11.4094394259931,51.2275899785811,104.681920432618,-56.4858183722154,-46.2081115558084,-55.0917665953385,46.8244158944546,133.968569018791
2.45,17.5744396030073,42.734109205514,43.8537923550063,10.5116676534331,16.1744590895493,-11.5832185774888,51.1513243430953,104.547910687193,-55.5905821608212,-45.8150068784254,-55.6479923210235,47.0213127051539,133.129678711454
2.46,17.1627364203614,42.4977359445817,43.6177485195335,10.3903595218807,16.0464288604694,-11.6903930219483,51.1131993916877,104.412575299061,-54.9923234076281,-45.5065427093124,-55.9912679485081,47.1157624555284,132.53697889562
2.47,16.7937065274747,42.3763417631412,43.4987114047318,10.2998675185706,16.1449481444392,-11.7123989328555,51.1461943806108,104.305153342979,-54.8194681038532,-45.3365961675303,-56.0564227748595,47.1115423921235,132.328600364792
2.48,16.4805024194277,42.3768264731265,43.4936304006467,10.2177924134726,16.4593523188826,-11.639222728102,51.2489538837261,104.312374037133,-55.0751556236298,-45.30605588981,-55.9335126700433,46.994398287642,132.539150096552
2.49,16.2288604172407,42.4993971919597,43.6028234031834,10.1418018844105,16.9928733185415,-11.4580518546508,51.4130419215368,104.431622134546,-55.7527292307956,-45.4174113145872,-55.5505585839096,46.7826251024595,133.233882291022
2.5,16.0351835621307,42.7388690014809,43.8065564171974,10.0290756909046,17.6443729416595,-11.1935189158141,51.6478328972056,104.779990718174,-56.7108384580997,-45.6454609952888,-55.2167171366707,46.473115613243,134.250253055946
2.51,15.9141199521916,43.1101173300649,44.129517660666,9.91061278948254,18.4629980372232,-10.8371151151189,51.961809347727,105.311306108803,-58.0137884464153,-46.0182090862488,-54.7729927700159,46.1049532402054,135.700325820164
2.52,15.8469281859604,43.556310865776,44.5232409067066,9.80254215059125,19.3616321625597,-10.444818935148,52.3264503514521,105.950008399616,-59.4855232717433,-46.4755318145905,-54.303486106166,45.757862650392,137.379123557965
2.53,15.7873482329508,43.9263824641198,44.8424554614971,9.70254228983486,20.127183240661,-10.1184649282834,52.6393794305145,106.594752195817,-60.7237335730301,-46.8504551735097,-54.0099197589975,45.5597950620614,138.884481381969
2.54,15.5242584229367,43.7874507962096,44.6678467319598,9.55790114240129,20.1219048113666,-10.1371786365306,52.6160779878643,106.871816296009,-60.5157305246744,-46.6495878374466,-54.4334804766982,45.7511359613348,138.924824338911
2.55,15.4325855937728,44.0616080834993,44.9135968505681,9.49597235782289,20.6351285369233,-9.94646446544971,52.9023554203929,107.358690650226,-61.2813287948737,-46.9218856229108,-54.3264546581062,45.7969518137644,139.979178786749
2.56,15.5281656355877,44.6611359563668,45.5195863276647,9.61334395734965,21.608162056087,-9.65701954337018,53.4598030928778,107.919467471759,-62.875076199489,-47.5953406186384,-53.7623869819969,45.911636745097,141.821214890341
2.57,15.7651703780142,45.4656908677429,46.3867692523579,9.95573912074306,23.0050681158726,-9.32108945810153,54.1897808725832,108.313415330541,-65.1497321190851,-48.5592147941985,-52.5276206378869,46.1653502563896,144.297643748246
2.58,16.0604481402373,46.3818060448108,47.3699817859698,10.3399499721692,24.5774341603846,-8.93393708243309,54.9997333654313,108.749995637645,-67.7410131934074,-49.6569850684394,-51.1246697109092,46.3847715105478,147.074019561639
2.59,16.3952928713283,47.3664776993815,48.4377090463695,10.7888295329464,26.2769319861153,-8.53134736522113,55.8661187542874,109.118387609012,-70.5319992646068,-50.8479779026754,-49.5214909530748,46.6201357826487,150.008138060448
2.6,16.7401086953328,48.4031655753,49.5375760193477,11.1806919892816,27.9835490473338,-8.07425699870132,56.7535978320109,109.589174346876,-73.3680499067813,-52.0797910028568,-47.9659637102952,46.7494203292519,153.020758830326
2.61,17.0875832103837,49.4211778830172,50.6057865192604,11.5337913111103,29.6323809029652,-7.6033839205136,57.6070651561497,110.078511948513,-76.1176602548231,-53.2819144447516,-46.4818590451166,46.8343359617859,155.954288988126
2.62,17.4437519957377,50.379604467703,51.6228521911227,11.9121859153205,31.1869535706471,-7.18251083125473,58.4171948778195,110.478244774764,-78.6916858618428,-54.425989548452,-45.046528424091,47.0135268041875,158.696113287967
2.63,17.7834912314661,51.268786194126,52.5512002120497,12.2243302616133,32.6177059660993,-6.75433740257509,59.1430583531431,110.87314648901,-81.067727014754,-55.4793488507873,-43.7384056730548,47.1114355078321,161.228118066107
2.64,18.1221807011973,52.1140861856003,53.4208460472523,12.4893098443411,33.9438243360516,-6.32539928222098,59.8147229532573,111.291349562719,-83.2891417196955,-56.4732304680427,-42.5540580988605,47.1776872326532,163.61812035387
2.65,18.5012695223719,52.9748104564041,54.2970252623822,12.7401595167848,35.199414344243,-5.90699256525078,60.4995202738581,111.839857581757,-85.4458089984358,-57.477414126716,-41.5293287626073,47.3296496176128,166.039716666116
2.66,18.9802589704671,53.9410639313715,55.2589168943195,12.9721020607487,36.3778199270329,-5.52183200383361,61.3034818196996,112.907261917903,-87.6377347837009,-58.5800434996654,-40.9400903679343,47.7609890346452,168.854527072509
2.67,19.7593861554769,55.4513127425948,56.6575232883855,13.0503013908575,37.4569274717639,-5.27802400851129,62.7518406428862,116.742481812858,-90.4638012987647,-60.176472020055,-42.3512181891315,49.2666086051123,174.098817215797
2.68,20.9951975047928,57.7575074767251,58.7157434669121,12.9578806507632,38.3867227153543,-5.24300932357956,65.1469904542805,124.382747945146,-94.1323548362745,-62.510590213361,-46.5402951153137,52.3275553132533,182.67376850183
2.69,23.1019286745443,61.677913881683,62.1508375825797,12.6195655625578,39.1139207047043,-5.69726520844202,69.5150172752401,139.535075286233,-99.5997367468473,-66.3649147237224,-56.1272589578584,58.5352213327237,197.975011441388
2.7,27.1732552958235,69.5590423247205,69.1940329981347,12.2651019390259,39.5584755550878,-7.76326813352701,79.011144154637,171.808556006567,-109.442026749942,-74.08524477931,-77.8797381110076,72.7999321100393,229.093305311189
2.71,33.8095120678446,82.4019463478464,80.2393930025178,10.2877977905946,39.1327447553764,-10.2793893523699,93.9917935253701,225.886254231519,-123.995554682411,-86.2983874264383,-115.628589775186,95.5079211576379,279.082740833974
2.72,39.8298555053731,93.9971876913625,90.112902617712,8.1834582253245,38.6345989243164,-12.1223410688295,107.260885621105,274.121889772336,-136.801549397635,-97.2661430912132,-149.365449516626,114.63092445853,323.207762527828
2.73,39.9129100714385,94.1459604821268,90.128960608805,7.80759949173019,38.8841718161674,-11.3743252465388,106.969171001568,273.171164336114,-137.00903519872,-97.3752547257783,-148.351189503764,113.749026616092,322.617706708399
2.74,39.6596949185873,93.5783925522096,89.5476259109498,7.61961574444421,39.1337978038996,-10.5979688456656,105.896465663769,269.393992452996,-136.440762820045,-96.8177796136035,-145.384616670229,111.881495433128,319.445509138081
2.75,39.4503909087176,93.0273038535738,89.0013048757543,7.5101151184189,39.333506238671,-9.95326265468624,104.908149435348,265.894476056272,-135.886715746656,-96.2896776379977,-142.662688135482,110.256689254718,316.49848051581
2.76,39.2963715165788,92.4655183496556,88.4584945351342,7.46778451034191,39.4541687630095,-9.42721532394253,103.964472995269,262.631637463179,-135.284494012435,-95.7609349015745,-140.196762312761,108.895942440555,313.698897329545
2.77,39.1730450321882,91.8863595321057,87.9106329197724,7.47122114028175,39.5174762255872,-8.97409221772396,103.035843558429,259.447012574367,-134.623641451505,-95.2221454219164,-137.852016742669,107.673907015967,310.915957668126
2.78,39.0870532489274,91.299509254046,87.3697952428143,7.53080292223427,39.5295679676829,-8.60319989193186,102.138070741469,256.369111280031,-133.920409481105,-94.6854562307209,-135.645564395039,106.63281339281,308.191544488844
2.79,39.0514144232795,90.7202934496092,86.8529356468339,7.6583502885969,39.496190069598,-8.32812178485699,101.294625422196,253.463654600446,-133.200970749341,-94.1688961065585,-133.620718097963,105.837534400436,305.603772464463
2.8,39.0731755140676,90.160823110059,86.3689469807577,7.84909752649696,39.4154622648908,-8.15213892425146,100.519910662437,250.789136275739,-132.479248468895,-93.6825403015626,-131.843290676843,105.306813637036,303.184227503346
2.81,39.1526093190372,89.6201516233334,85.9277827225459,8.13380746194439,39.3375640989881,-8.07202743775077,99.8104344644877,248.273847779675,-131.812273557813,-93.2377941224042,-130.136942671086,105.080329462587,301.027388402119
2.82,39.2944661354726,89.1313850218317,85.5459969202346,8.46793052016452,39.2021534295076,-8.09014964815221,99.2063832944204,246.083376969303,-131.149450014729,-92.8500995133981,-128.788273034277,105.152858801925,299.076524737633
2.83,39.4962650500113,88.6899951605901,85.2275345404348,8.87549872687398,39.0651991122596,-8.19568652255095,98.6957266997792,244.142359122597,-130.556863054437,-92.5260895190473,-127.609420888704,105.521349759315,297.421189449631
2.84,39.7557886926391,88.3076308446386,84.9783915800447,9.33954801533461,38.922492759404,-8.37999906908209,98.2868616078734,242.484877266045,-130.038427889099,-92.272559157401,-126.647816063508,106.162686209316,296.060527301197
2.85,40.0596421606865,88.0227179639177,84.8426235740166,9.87598142093531,38.8114173404055,-8.66360802083097,98.0372554204297,241.182280773531,-129.676920653213,-92.1315768958996,-125.90662124248,107.073248793671,295.113408332788
2.86,40.4167108809537,87.8097593610178,84.7805547561896,10.4410213508986,38.6950083792042,-8.99900667757132,97.8891075034663,240.180069464802,-129.393560268328,-92.0679421400641,-125.390546079474,108.216782860118,294.466358720911
2.87,40.8206098010989,87.6694143596359,84.7874489202915,11.0156720115806,38.5809455508751,-9.36113126330468,97.8294746128329,239.451209451042,-129.193146353157,-92.0788763198291,-125.068194041707,109.532384003472,294.094749484006
2.88,41.2643899557511,87.6013762810387,84.8601918051084,11.5881025451804,38.4702281283002,-9.73588289909297,97.8510400999735,238.971630316859,-129.070176347918,-92.1616166696279,-124.919117463745,110.985534215266,293.972486393728
2.89,41.7436713413031,87.6048094656317,84.9960044921053,12.1499845126645,38.3594741755964,-10.1142338955085,97.9484957357831,238.723973367038,-129.01374565875,-92.3134160381536,-124.933271872515,112.561392642017,294.077099052363
2.9,42.2530890719658,87.6729366081235,85.1873814358813,12.6962667719749,38.2481202210617,-10.486499447754,98.1095170866767,238.666287325693,-129.010824014199,-92.5266544468983,-125.079913116711,114.232785905886,294.367277608952
2.91,42.7849872538527,87.790765993612,85.4192174055016,13.2232623896038,38.1410266679773,-10.8393496763048,98.31058135463,238.726253097847,-129.049031466277,-92.7863006164849,-125.300061724748,115.948950702961,294.779472054047
2.92,43.3353622942662,87.9469520690903,85.6815184533943,13.732921487235,38.0378099296971,-11.1682737880317,98.5370020004602,238.850969805891,-129.112611131975,-93.0818152438098,-125.555534861247,117.69246988067,295.266212070668
2.93,43.8999117004441,88.1281297145599,85.9643372325292,14.2339530349922,37.9369654995454,-11.477805152209,98.777071665273,238.992134278547,-129.185169716877,-93.401840786385,-125.813157840784,119.459387173742,295.785404655993
2.94,44.4733672346608,88.3229602854384,86.2618479967643,14.7403241539892,37.8368714523299,-11.7772300003875,99.0244581903622,239.095102696917,-129.248192381483,-93.7381411337437,-126.035853870121,121.249882769191,296.290436186999
2.95,45.0475347960195,88.5156176215666,86.5615521673434,15.2564530342237,37.7310208668661,-12.0639609257402,99.2616540514866,239.077446895015,-129.266540279732,-94.0759366077788,-126.172513767226,123.039334112794,296.697169582182
2.96,45.6073079526545,88.726590127772,86.8961280169857,15.8145486906432,37.646102275263,-12.3679213476259,99.5317373451241,238.931504016902,-129.283792594096,-94.4430074550855,-126.183248350592,124.818878007926,297.041921559429
2.97,46.1505512417858,88.966273553428,87.2785780499483,16.4307205181215,37.5919718257609,-12.7273575786761,99.8677293333983,238.7849092517,-129.353661505089,-94.8517509786075,-126.140462138301,126.620926370674,297.456770894093
2.98,46.6746030646238,89.1841007829137,87.6459875248676,17.0609939523051,37.4990398903794,-13.1120750750196,100.196990073798,238.580232610969,-129.335698210269,-95.2396320208346,-126.06486191207,128.427952424355,297.792742805231
2.99,47.1693473373623,89.3698179922262,87.9613627816234,17.6255877191261,37.2639648381077,-13.520029294112,100.509629791738,238.509455042408,-129.109994801491,-95.5685123547594,-126.27661542159,130.178259446947,297.959831898696
3,47.6049859430181,89.4937441043194,88.1927336543071,18.1059605123132,36.8648934733996,-13.9648741946085,100.78412648351,238.635180792488,-128.647845514004,-95.804032741469,-126.736474785669,131.878348292952,298.072875037783
3.01,47.9519166809278,89.5620334673946,88.3053714170546,18.3833233211381,36.1557463361227,-14.4850343090715,101.054757299951,239.453770407362,-127.841294910694,-95.9085357260595,-128.021363201369,133.493815958212,298.231372888979
3.02,48.1790140939043,89.6029545297384,88.2905437665893,18.3570077846434,35.0821082519153,-15.1087029568793,101.372879364552,241.522397195121,-126.751255275412,-95.8776801115535,-130.541255346125,134.983309507713,298.818977808281
3.03,48.3199801820391,89.7770928173873,88.2709057992513,17.9695562520642,33.7605738496585,-15.8581880721537,101.920343902237,245.704599427828,-125.83179717248,-95.8587584883919,-134.724583880667,136.353978325149,300.75577329382
3.04,48.4083603233708,90.5257353634289,88.7134656609069,17.3453878458161,32.742222444472,-16.7001682909663,103.162206705689,252.525547607072,-126.20586017083,-96.3485394516069,-140.239165557375,137.496222834791,305.370859416677
3.05,48.510979626218,92.1596713440615,89.9421567258966,16.5066628524055,32.6734228324081,-17.1263439123257,105.149087780111,260.827013182885,-128.679499435838,-97.723283796445,-145.482678710182,137.63015806335,312.572310891678
3.06,48.7817403678866,94.6132495655994,91.9403963407785,15.5595311318956,33.6056599478617,-16.8125743431128,107.610440770553,268.874901409269,-132.846189360637,-99.9764032636991,-149.249153215895,136.875614035348,321.019953457534
3.07,49.1421506499674,97.5613446154667,94.4312156895802,14.5361341608248,35.2816991111776,-15.6700285460551,110.155659297901,275.103258650576,-137.800953764461,-102.788177778896,-150.816630082643,135.120610839627,328.939698694781
3.08,49.5154353179155,100.527090949343,96.9619506650179,13.4903986800037,37.196986789575,-14.0346292125842,112.451848340498,279.441564448134,-142.635999776747,-105.655330909402,-150.779156249424,132.643482090103,335.50025260535
3.09,49.8474655882561,103.235671105492,99.274588100487,12.4960125766363,38.9816417023391,-12.3308868777974,114.434355015193,282.609695412865,-146.909502518399,-108.280417928062,-150.096912057688,129.865388766073,340.79488629247
3.1,50.1105433179182,105.754492015507,101.493185164856,11.751846554502,40.5689084464582,-10.9998425490111,116.427362644472,285.569722027997,-150.78551381408,-110.751937840643,-149.527981671128,127.414090696693,345.676962321049
3.11,50.3330755986442,107.955721945748,103.424212911053,11.0744878697056,41.7997954754737,-9.92610364820792,118.216032433225,288.472758346824,-154.024908670086,-112.894466432479,-149.372633269536,125.238709822779,349.993777358589
3.12,50.5236319147634,109.861504287427,105.067879936805,10.3974526707494,42.6602302717123,-9.05533161166856,119.793188428966,291.412891146252,-156.630032261475,-114.714426588599,-149.739787164045,123.324563548773,353.776429400291
3.13,49.0608163748364,105.042282330475,100.712711475421,11.1883032589705,41.4126607889175,-9.56989311267998,114.848171930939,279.531732105512,-151.104648986387,-110.017242410995,-142.962207308795,120.006896094787,341.15865062715
3.14,42.0773343068396,72.9546365460307,73.1251050619437,21.5090389979193,31.4056799110865,-18.5327858272572,84.8902645375132,204.958628182232,-111.390433589039,-79.7059221163185,-106.608192231538,119.141775462312,261.176204296791
3.15,38.7658702744561,57.8728042935814,61.0569668932244,28.6322594670564,27.3453240987184,-23.6460703458893,71.3534105003765,162.607162254953,-91.7427182494185,-66.0508427336849,-84.0663731074187,120.671378748914,218.977339037436
3.16,37.0263010066726,50.6354154419786,55.4122203346772,32.318135921075,25.2221365811681,-26.3412247293505,65.0167199511318,141.155781374914,-81.709848801588,-59.5469681915823,-72.7046520001668,121.416858584702,197.538109489723
3.17,35.8415308002236,46.8981657426692,52.4848723080473,34.013421718134,23.938227079801,-27.6904810665571,61.7620894840441,129.760915104472,-76.1408416243047,-56.1206105104651,-66.7883623164367,120.941048972996,185.726497780718
3.18,34.9085559537411,44.6732498881605,50.7097520069943,34.7918381557466,22.996930059904,-28.4215484470691,59.8176579180686,122.844629940595,-72.5027060053361,-54.0103882879511,-63.3418528679035,119.883106430903,178.135930712006
3.19,34.1781005440488,43.0960611440893,49.4313240895971,35.2258296589405,22.1504312770718,-28.937373129852,58.4481961042848,118.024157429915,-69.6478592406801,-52.4745970044444,-61.1608433230095,118.869017794353,172.483002421645
3.2,33.5382181885571,41.9365030317743,48.459243572516,35.376152260993,21.331296923196,-29.2850828485492,57.4421083727304,114.568593976823,-67.2396302900397,-51.2916982212177,-59.8463517733592,117.777000100977,168.003959332226
3.21,33.0498131524391,41.0955825289587,47.738379281916,35.3933272777994,20.4362300374741,-29.6239449022926,56.7680861531689,112.377562790577,-65.0632100244462,-50.3916699419416,-59.4896677579836,117.119840652238,164.569687898655
3.22,32.6780883352461,40.5373434584329,47.223632497774,35.2334786261722,19.4177046326203,-29.9402825260307,56.3847598199982,111.415765043856,-63.0228473098841,-49.7246345175321,-60.1249111893591,116.879886342759,162.066983292187
3.23,32.276839838673,40.0039710700925,46.6912706584133,34.9289767699204,18.2974585104127,-30.186922940351,56.0018430271913,110.658814176005,-60.8527133621162,-49.0423401414192,-61.031069936117,116.506371909239,159.519881671509
3.24,31.6832153092399,39.279610997467,45.9389610525142,34.4464604163008,17.0836238672655,-30.2844946671107,55.3613881788138,109.243787433484,-58.3103822269077,-48.121442217994,-61.6028954755566,115.355299902338,156.044484321542
3.25,30.7960832867604,38.3781927031165,44.9731877707843,33.7274797158896,15.867679459583,-30.161105495638,54.4551760840515,107.000123750896,-55.510131001954,-46.9648363601893,-61.5944271165816,113.092080370194,151.565203086088
3.26,29.4593342551769,37.3066564583143,43.755982768637,32.579756444839,14.7209522464376,-29.6415464317805,53.2189467342155,103.776698144228,-52.5361638863618,-45.5362004097635,-60.7788714705833,109.068517578561,145.912584230993
3.27,27.6411776732201,36.1966561066173,42.3974667352353,30.9388999040826,13.7649555521146,-28.6629606962241,51.7682553030962,99.833382959637,-49.6858715877468,-43.9567576022306,-59.156228073085,103.063796786192,139.459029901996
3.28,25.6118578213029,35.2825829036053,41.1393452925913,28.9483537864056,12.8703060078007,-27.4834479939374,50.4636350117497,96.461033358437,-47.1095411873223,-42.4858071175321,-57.7698760311314,96.2779605078159,133.406373245761
3.29,23.4838544967296,34.5669435659646,39.98655335869,26.6542332518204,11.961496192598,-26.1347195358961,49.307660129555,93.7418539398037,-44.7031627675603,-41.135085787114,-56.8578555566294,89.0218674126613,127.713190308599
3.3,21.3591671004232,34.3675336604535,39.2298223484893,24.0715725708349,11.1893364195223,-24.7767741889898,48.7180287233337,93.2747116814222,-43.2055377018036,-40.2256998503065,-57.1885479463717,81.8202520451632,124.220068620632
3.31,19.216992762032,34.3238037919145,38.5517603939625,21.2599156045901,10.4147999418016,-23.2581541599441,48.2182871990513,93.335962967727,-41.8596949080434,-39.4177364056256,-57.8722767373885,74.2848239173647,121.063071510889
3.32,17.0310972531629,34.2699161331119,37.8545349091428,18.4163594581905,9.73966431341158,-21.6623117510531,47.6706683161082,93.2237071999069,-40.6380046615127,-38.5982685529273,-58.2967619656003,66.2509750733317,117.790856989736
3.33,15.0199744442906,34.1752309523722,37.1454536294885,15.724976368726,9.06830435517649,-20.0982712470202,47.0667007665938,92.940066677947,-39.3695609752735,-37.78307035937,-58.628365323836,58.5539517111523,114.454158871199
3.34,13.3688804426449,34.0550733622667,36.4923149478504,13.4226632636354,8.42071106711337,-18.7429308461819,46.4889513394402,92.6708986667811,-38.1459456915414,-37.046903528872,-59.0064609058583,51.9813566059177,111.441226027274
3.35,12.0562010207308,34.0287058859563,36.0031930323462,11.4806014434603,7.86508248831618,-17.6205041773611,46.0856753306722,92.8481900032242,-37.2177478660563,-36.5005177024569,-59.6374756008521,46.7086150090376,109.27708039343
3.36,11.1288743318531,34.252904595818,35.8601100202425,9.99364276844243,7.56743766555864,-16.7579198126963,46.0385053858466,93.6286185557355,-36.9279940780107,-36.3316854455385,-60.4376250850392,43.0492504706491,108.449669510978
3.37,10.4764478704304,34.5892382621377,35.9326584082014,8.93694975392673,7.51393466449288,-16.1132085401427,46.1881652010481,94.4615993990367,-37.0873004250498,-36.3951323579677,-61.0345773733746,40.4561547713768,108.333363440688
3.38,10.071235843841,34.9889512201482,36.1737783846748,8.30294280965925,7.72871136623144,-15.6478397811924,46.4628324886358,95.1099175683109,-37.6675063234093,-36.6430566444696,-61.231359522829,38.7100482538407,108.714381096244
3.39,9.92761750029211,35.4637825960413,36.6225301969314,8.18061123460619,8.30344992726587,-15.3874910698578,46.8866386881938,95.4141991579289,-38.78412733001,-37.1138519900394,-60.8133400491797,37.8478076427446,109.622135682586
3.4,10.0620370716848,35.9996500173801,37.3037798954283,8.69570439578307,9.32593204033502,-15.3878379332847,47.4712053536324,95.1425266315638,-40.5240334119345,-37.828246153286,-59.5259265929557,37.9541641915211,111.030929908515
3.41,10.4388495057653,36.6513544208297,38.2253286111857,9.69079348002795,10.7143974529328,-15.5820693055044,48.2478697380452,94.626141064839,-42.8384958245487,-38.7977746201812,-57.6843395080683,38.9776852933568,113.073532565612
3.42,10.9605405630835,37.409872647854,39.2771225301133,10.8226579838792,12.2143468531758,-15.8405898693083,49.1525815264623,94.3637373846503,-45.4235508597092,-39.9150149073063,-55.9216049967631,40.4792283362492,115.621696271285
3.43,11.3152805687873,38.1162345382367,40.1568650720016,11.5231790542885,13.3825225637911,-15.9388413190523,49.9388746990886,94.5905843695302,-47.5552701704705,-40.8564885513744,-54.8062010091516,41.5321127886376,117.965950191899
3.44,10.9620825011595,38.2931713161976,40.1904912628342,10.9732007172324,13.4562983809825,-15.5719693639209,49.9994289490423,94.9675960050481,-47.7891200363342,-40.8951687716415,-55.0336460975444,40.210426140942,117.972262300398
3.45,10.3723776092366,38.2426896614953,39.8967292792466,10.0216117008855,13.1279398853822,-15.0690238185429,49.7699112131879,95.3177424807367,-47.3001899067472,-40.5848093180304,-55.6615976308468,38.1598496980512,117.122184594545
3.46,9.86113227020423,38.2227603476197,39.6477250448992,9.14712214210424,12.8175040583035,-14.6197608602465,49.588085981695,95.7949517193418,-46.8830457336823,-40.3256490562148,-56.362095233887,36.4513855523169,116.497586801192
3.47,9.40553102368865,38.1985016820344,39.4109586122885,8.34681703483582,12.5201820133858,-14.2162791040812,49.4142635828804,96.2700496464088,-46.4913792367853,-40.0819479552632,-57.04862664109,34.9699383664213,115.953967088611
3.48,8.98937511915121,38.1702048350905,39.1741185315433,7.57676185985388,12.2463860815248,-13.815703611923,49.2270237736265,96.7380853183541,-46.1425148725382,-39.844686979257,-57.6975834500266,33.5815829578383,115.471943577906
3.49,8.62652425352259,38.1409434185886,38.9465703218671,6.86093780713279,11.9946667483692,-13.4378211213805,49.0387641766855,97.2067513706955,-45.8364287045918,-39.6225936199956,-58.3202090935412,32.3612966259036,115.07464810212
3.5,8.3234704653394,38.1115726092804,38.7308718421316,6.20728189063425,11.7586037324863,-13.0938869297292,48.8557767550422,97.697455127895,-45.5682972089277,-39.4179256707484,-58.9409063591064,31.3466878655083,114.778957285067
3.51,8.07788971334939,38.0896707314225,38.5366394184516,5.62034906137345,11.5412729662052,-12.7883706535366,48.689686910117,98.2113530664145,-45.3441909166686,-39.2392362075304,-59.5580018569928,30.5519898985689,114.594809654591
3.52,7.88881384464579,38.0736596316805,38.3639377102072,5.1044278779313,11.3441804592879,-12.5234980698736,48.5402245153415,98.7340658076915,-45.1628111740804,-39.0860298400356,-60.1606952029899,29.9772555572083,114.512932114659
3.53,7.76250706344188,38.0520773883508,38.2009301159893,4.66037626594375,11.1700364022689,-12.2895740190999,48.3879962665439,99.2253072332159,-45.0173511978034,-38.9481128402271,-60.7180460158025,29.5960847351793,114.497813071352
3.54,7.68667205505903,38.0262072203689,38.0499606945858,4.28673219442751,11.0243341574763,-12.0871648138652,48.2368953260088,99.669840828719,-44.9133623920449,-38.8261546088631,-61.2123616727009,29.3794236639879,114.538924809918
3.55,7.65887239055482,37.997349794494,37.9139244293399,3.98745567384721,10.9150186905281,-11.9163173404466,48.0888178680314,100.053090816585,-44.8610088505206,-38.7227653895203,-61.6244211433034,29.3145406086518,114.634503040585
3.56,7.68691412022382,37.9608207542596,37.7899195422161,3.77079673653204,10.8482146883223,-11.7753772269143,47.9362296340239,100.35148977337,-44.8646089331171,-38.6361177067936,-61.9329255624022,29.4188703978269,114.779735585181
3.57,7.7643822874385,37.9191893289265,37.6856758823232,3.64978112179512,10.8366010246635,-11.671688787309,47.787226814795,100.534409339378,-44.9381960017366,-38.5721695593715,-62.1020369634733,29.6767462588696,114.966887390818
3.58,7.89734321292933,37.8709418652273,37.607286987781,3.65014916069033,10.893089769886,-11.6197793346149,47.6470578238852,100.571873386372,-45.0965640172121,-38.5362188453739,-62.0984497643622,30.1157520121257,115.200089306643
3.59,8.06281906001622,37.8294425545426,37.5637028421541,3.74954252626921,11.0336460567913,-11.6004622438398,47.5237974374866,100.460402628845,-45.3680676063365,-38.5365722429684,-61.8965682695453,30.6550216581824,115.484125149613
3.6,8.24935651900046,37.7998082473439,37.5606650498417,3.94555184254527,11.2703415951526,-11.6099880345466,47.4229142775525,100.185475197197,-45.7710535281976,-38.5780182389486,-61.4705093503815,31.2582472573576,115.819286635912
3.61,8.44995242453851,37.7853709910085,37.6027175726317,4.23915795478296,11.6116935546339,-11.6476549582569,47.3488413160298,99.7350652857596,-46.3184504074135,-38.6643103001294,-60.8011162591574,31.9054148348417,116.206227975783
3.62,8.65991957423056,37.7850622936207,37.6894008333359,4.63020933812291,12.0597616832532,-11.7129457372428,47.3008402291287,99.0969135390894,-47.0116480034812,-38.7943362205944,-59.8769435936346,32.5804786669637,116.635610578021
3.63,8.87039964401055,37.7949941048643,37.8160850887126,5.11274435395709,12.6088648435179,-11.8057883014992,47.2760197617792,98.266077788786,-47.8402992231474,-38.9621176214618,-58.7006205953876,33.2665841617415,117.090904105095
3.64,9.07603060078326,37.8115998923597,37.9769046963237,5.67724357719613,13.2465912602167,-11.9253687818106,47.270936596645,97.2523508166805,-48.7862276294221,-39.1609263770204,-57.2930723485291,33.9534583450475,117.557989588536
3.65,9.27326046635863,37.8301842198421,38.1631315264373,6.30972948676406,13.9533519542532,-12.0705995792054,47.2804746126697,96.0808637590389,-49.8226578445177,-39.3814830757397,-55.6943659024125,34.6346032462583,118.024016012455
3.66,9.45924252359459,37.8485172326992,38.3661987890531,6.9892814099363,14.7044232477414,-12.2370510541344,47.3004215209038,94.7929685821316,-50.9180618423307,-39.6150982286038,-53.9615715069598,35.3017306853126,118.480080763503
3.67,9.63216379865135,37.8616434968699,38.5749517283759,7.69563157638194,15.4710254769131,-12.4221966958454,47.324441407402,93.4302970798852,-52.0332004982997,-39.8502846884315,-52.1575682935042,35.958062941625,118.912900217348
3.68,9.7918008154368,37.8671436680186,38.7798282043022,8.40675350345926,16.224519766488,-12.6233421833919,47.3486141330098,92.0498998696917,-53.1332951532211,-40.077641543544,-50.3558327067126,36.6131994443455,119.323335614518
3.69,9.94572959602296,37.8683337491687,38.9773133628867,9.10429851786907,16.9398508394993,-12.8366580423879,47.3735382428376,90.7149243654966,-54.1915734976557,-40.2949531626101,-48.6304568407337,37.2908760034001,119.726493847095
3.7,10.0913873735966,37.8544121318686,39.1514907310275,9.77064083788756,17.596257914393,-13.0534771286019,47.3831399337275,89.4278085192694,-55.1703082858764,-40.4863263582464,-47.0065812802206,37.9623344768595,120.080652114194
3.71,10.2375049901238,37.8248582865471,39.2988718356683,10.4000792552404,18.1826322233599,-13.2718688468872,47.37441621343,88.2154562205052,-56.0566850957103,-40.649653744655,-45.5161697240729,38.6369302323978,120.39044929841
3.72,10.3821077011375,37.7814233683552,39.417097482995,10.9792527989798,18.6931696539947,-13.4841075993853,47.3455279704158,87.0978635348392,-56.8454331649109,-40.7832071742037,-44.178627622467,39.299474786049,120.657682898509
3.73,10.5232918305278,37.7140856671551,39.4920911521784,11.4942814121772,19.1049735788973,-13.6886936132426,47.2851212839884,86.0925631604864,-57.4982682939103,-40.8723086712679,-43.0336581398507,39.9541436001582,120.856260748295
3.74,10.6319470244834,37.5767113604724,39.4635408977476,11.8847249457783,19.3011872088891,-13.892788636047,47.1524815246403,85.2538087940044,-57.8103879235569,-40.8484161369277,-42.2607315354749,40.6031588758267,120.8218627305
3.75,10.6655581297152,37.3309409931544,39.2853897419888,12.1058997653242,19.2017995461997,-14.1064914111533,46.9190030233318,84.6046117832103,-57.6313805393159,-40.6562232005347,-41.9539746397626,41.225730779701,120.436625249445
3.76,10.5673398679213,36.9193397957608,38.8737450588306,12.0514296700371,18.6365184960923,-14.3396005986502,46.5380989780438,84.254478377872,-56.6715410091621,-40.1981526819154,-42.4646997825532,41.7466657120848,119.397084346702
3.77,10.3921439199791,36.3931053266077,38.3217103847464,11.8769961281411,17.8799805114772,-14.5645236347412,46.0388609576883,83.9200313624315,-55.3479081937906,-39.5849299505307,-43.159466715835,42.1507633292403,118.043791582459
3.78,10.2723295128609,35.9204532090319,37.8372396582227,11.7730950950363,17.2622228713171,-14.7717940379961,45.5758261498241,83.5269194375287,-54.2714774955458,-39.0524945954159,-43.6600878703747,42.5390067414292,116.869308405527
3.79,10.2225119440998,35.4947033129351,37.4163111286204,11.7512936865745,16.7594207331228,-14.9778846984253,45.148319541772,83.0997432826859,-53.4049899427023,-38.5963802214316,-43.9960386227291,42.9874291445408,115.888637884299
3.8,10.2430093182086,35.1428039456972,37.0900313435974,11.8249801199446,16.4156719171776,-15.1749637781462,44.7813108645191,82.6190658072595,-52.8301888465829,-38.2494864300072,-44.0967927873597,43.4727412529698,115.162710154759
3.81,10.3174984700172,34.8558881467807,36.8474469202871,11.979995920792,16.2110835117468,-15.364207747099,44.4687117207573,82.0825459178497,-52.512812271883,-37.997795529413,-43.9818466949268,43.9738881716794,114.652187096278
3.82,10.4329554449784,34.6163509827017,36.6665034733033,12.1959744218177,16.1071126701361,-15.5490076466494,44.1951689280547,81.504749511075,-52.3849214541823,-37.8160444429119,-43.7070273897487,44.4839545910879,114.298899310353
3.83,10.5795088804774,34.4177286065711,36.5388399530878,12.4614070876222,16.0796644579538,-15.7334019040698,43.9576807812192,80.8957828359233,-52.4056258754403,-37.6931579733589,-43.3074638994545,45.003864355442,114.069532940841
3.84,10.7486779789397,34.2511436443242,36.4530348612763,12.7638802413867,16.1056870395571,-15.9195087162699,43.7492081002272,80.2654924285215,-52.5348486496102,-37.6155839840017,-42.8169819510402,45.530449054701,113.930468469539
3.85,10.9333415159125,34.1071485601109,36.3982863099397,13.095463684449,16.1667659963173,-16.1104324269558,43.5622956662352,79.6158557705862,-52.7383324237216,-37.5705802711962,-42.258672516074,46.0618882820757,113.84973092579
3.86,11.1307010660349,33.9829425844594,36.367322666046,13.4412171808941,16.2377379051242,-16.3087238256155,43.3957100200286,78.9786634903673,-52.9793886179764,-37.5495588281977,-41.7034761841051,46.5969905269654,113.791275409203
3.87,11.3361350604387,33.8654188969898,36.3541884723531,13.8181597345266,16.3460257771874,-16.5059692211641,43.2313634243418,78.2817004538938,-53.283295841764,-37.5474659755203,-40.9949577648752,47.1434338953233,113.812647560354
3.88,11.547766836838,33.7715032082058,36.353120929806,14.1587489740248,16.4224127792733,-16.6920056247577,43.0842695912207,77.6777218983634,-53.5701640519871,-37.5575510510563,-40.4288785044678,47.6553566799128,113.802756340176
3.89,11.7552898539976,33.6898968940818,36.3650302292426,14.4937733626102,16.5052118556202,-16.8683879693354,42.9442790943249,77.0734623424419,-53.8795702537602,-37.5800318744968,-39.8187873099095,48.1301523084036,113.820629903724
3.9,11.9612941815204,33.6168642710779,36.3855678933114,14.8230270966922,16.5783209105186,-17.0450066930557,42.8118552490492,76.4869429665162,-54.18684868877,-37.6094333851219,-39.2181815126667,48.5889447030859,113.838978215409
3.91,12.1699684129597,33.5581926058836,36.4189624429543,15.143379876433,16.6360370066289,-17.2241846333339,42.6939046335737,75.9521191988372,-54.4909330874807,-37.6504030246486,-38.6585455111561,49.057591153821,113.881515895131
3.92,12.3728467766262,33.5055224167431,36.4562731570509,15.4495378534101,16.6769920824742,-17.400713968756,42.5803351713941,75.4419114974551,-54.7792124887314,-37.6931162516366,-38.1215338418808,49.5006648155011,113.913279470779
3.93,12.5708000139988,33.4583036839664,36.4957381277404,15.7384025526161,16.6992402466359,-17.5730279599693,42.4698214653148,74.9646191877538,-55.0493634938079,-37.7361862800803,-37.6153468488481,49.9151023142359,113.93602719382
3.94,12.7640299178746,33.4163200426482,36.5365918784256,16.0085467888527,16.7013638495549,-17.7408761329551,42.3622024374641,74.5251852590884,-55.2988678531542,-37.7789315311386,-37.1456200800753,50.3013145461879,113.950476945612
3.95,12.9489887043677,33.3771568580117,36.5774100761771,16.2615199352236,16.6832302588089,-17.9053294194009,42.2562584125033,74.1096223968012,-55.5213218070872,-37.8191354398028,-36.7036881680137,50.657197267737,113.943037956869
3.96,13.126489404881,33.3405286576998,36.6173499959585,16.4961929089433,16.6430472149451,-18.066328729048,42.151800730572,73.7231140699686,-55.7130650711027,-37.8561083693286,-36.2964605216564,50.9871675651954,113.914641489005
3.97,13.2950859000901,33.3042957608799,36.6565538045188,16.7186813397424,16.5917921206294,-18.2212364134403,42.0458473187614,73.3440978932637,-55.8861379532135,-37.8903598082119,-35.8770690272962,51.2878242466684,113.88249451257
3.98,13.4549785585365,33.279988818221,36.6960938779345,16.9002808077121,16.4953365700391,-18.3732055806351,41.952951011145,73.0548975841513,-56.0009078434654,-37.9220181872856,-35.6179881269093,51.5439415363122,113.780594819092
3.99,13.6079346950603,33.2506147873408,36.7344516071429,17.0853460318704,16.4064986336615,-18.5179261841076,41.8519124166437,72.7341337780741,-56.1177908491508,-37.9515955600549,-35.2640028532272,51.7839419862067,113.712675331834
4,13.754420783823,33.2274683448001,36.7725278565749,17.2456278285354,16.2908094559571,-18.6592514408417,41.7573296137008,72.4643341024088,-56.1961943420755,-37.9790253935979,-34.9896505945545,51.9943863512793,113.611575838247
4.01,13.8950098392859,33.207940759785,36.8102972576769,17.3890884888656,16.1585044270038,-18.7961442042952,41.6662066489535,72.2260547410712,-56.2471390999867,-38.0047911130314,-34.7509517129734,52.1809267948365,113.49747805985
4.02,14.0302392839613,33.192452614629,36.8481333266018,17.516385761395,16.0111826150439,-18.9284926953471,41.57918940816,72.0197701611405,-56.2722978383283,-38.0295307306849,-34.5477325017104,52.3451286126311,113.373342018819
4.03,14.1607379432039,33.1812998110457,36.8862149333621,17.6280027712736,15.8502595322286,-19.0560748599314,41.4967350986471,71.8461835132649,-56.273046941633,-38.0537089748441,-34.3803835756547,52.4889623108171,113.242014442586
4.04,14.2868576741965,33.1748873876289,36.9249686056343,17.7247881274803,15.677347007932,-19.1790957094247,41.4196554155611,71.7056719113526,-56.2511313502417,-38.0779743022198,-34.2488783919202,52.6144737806991,113.106510988684
4.05,14.4087780288256,33.1738167402126,36.9649707830026,17.8074048865637,15.4948185091023,-19.2972342774476,41.3487516283442,71.5980676342716,-56.2099214002362,-38.1031826089698,-34.1517053795377,52.7219370463329,112.970584965855
4.06,14.5266823310115,33.1784935960191,37.0065913416676,17.8764575214826,15.3047359697319,-19.4102157891531,41.2846419948197,71.5231131991699,-56.1521676876932,-38.1299626215649,-34.087768392973,52.812280622534,112.837480884806
4.07,14.6406102576814,33.1892638524309,37.0501396661991,17.9324794783382,15.1091287367331,-19.5177345374478,41.2278890139423,71.4803095867244,-56.0805903123834,-38.1588615507873,-34.0558385962795,52.8862877525282,112.71018920995
4.08,14.7505684965543,33.206460408959,37.0959537987066,17.9761012424985,14.910115367222,-19.6195169471517,41.1790525785764,71.4688767079483,-55.9981663335547,-38.1904439418598,-34.0543475520738,52.9448252378249,112.591735016302
4.09,14.8564690848894,33.230337500514,37.1443066228141,18.0079350158954,14.709785248665,-19.7152836742779,41.1386113018334,71.4877837453881,-55.9078846068595,-38.2251896626368,-34.0815424720241,52.9886682270613,112.484913094561
4.1,14.9581315747406,33.2610677251474,37.1954024733088,18.0285670214473,14.5101791717513,-19.8047442658054,41.1069538192372,71.5357362622343,-55.8127073283427,-38.2634887840366,-34.1354842379039,53.0184685764089,112.39222900498
4.11,15.0553402655926,33.2987166956623,37.2493693981701,18.038628392235,14.313270219183,-19.8876477469682,41.0843603930039,71.6111557061672,-55.7155252164593,-38.305633863325,-34.2140519074222,53.0349153246285,112.315880104459
4.12,15.1477592746607,33.3432818601969,37.3062680154839,18.0386640103542,14.1209402796765,-19.9637034176882,41.0710220687117,71.7122345468351,-55.6191276827222,-38.351824321741,-34.3149777578276,53.0384334310344,112.257677823022
4.13,15.2349527595194,33.3946857236997,37.3660857906157,18.029138845226,13.9349532068964,-20.0325927024259,41.0670325219171,71.8369598107865,-55.5261499103304,-38.402160373867,-34.4358882945174,53.0292170326621,112.219016914283
4.14,15.3164987366046,33.4527307370923,37.4287255623063,18.0105816622725,13.7569356385083,-20.0940695565961,41.0723599267795,71.9830865130385,-55.4390148965645,-38.4566339937403,-34.5743217740621,53.0075736282414,112.200893008572
4.15,15.3919610737121,33.5171171911897,37.4940104768777,17.9835298253551,13.5883601235778,-20.1479290015464,41.0868545808205,72.1481734138799,-55.3599008198015,-38.5151321159866,-34.727757806021,52.9738004618397,112.203863743587
4.16,15.4609076908044,33.5874497841509,37.5616908582985,17.9485330431753,13.4305320201621,-20.1940138530785,41.11025306039,72.3296164882702,-55.2907139838593,-38.5774439027571,-34.8936509154311,52.9282082915823,112.228052631441
4.17,15.5229071303849,33.6632864641347,37.631529158045,17.9062177914968,13.2845853463875,-20.2322763291004,41.1422476961948,72.5246747521586,-55.2330416306079,-38.6433835264713,-35.0693737566652,52.8711497668368,112.273169355377
4.18,15.5776197211199,33.7439488476616,37.7029584407496,17.8570208121735,13.1514063616928,-20.2625657306128,41.1822073675399,72.730581655004,-55.1881338672796,-38.7122895882091,-35.2526981813485,52.8030528293913,112.338428128613
4.19,15.6247102713172,33.8288263157342,37.7756187745566,17.801615908413,13.0317285753063,-20.284972756784,41.2296123268948,72.9444513109408,-55.1568953609377,-38.7838150908312,-35.4411356975299,52.7244253475195,112.422711866456
4.2,15.6638509295772,33.9200331778781,37.8491362578798,17.7331912107157,12.9179114303009,-20.300506299953,41.2870830427646,73.1829119108489,-55.1301887008233,-38.8573508123979,-35.6760199791107,52.6320064385501,112.507277613823
4.21,15.6953266828541,34.0057083600801,37.92257214612,17.6814270586201,12.8426910755463,-20.3057160404749,41.3403060156621,73.3638619352644,-55.1485640188287,-38.932734801964,-35.78303432081,52.5415175157216,112.658719343409
4.22,15.7182373581606,34.1015398288984,37.9958777819676,17.603468861271,12.757264417097,-20.3063253126008,41.4090376917866,73.6048262793361,-55.1499367166489,-39.0084606796565,-36.0191558748456,52.4314749556877,112.771735717129
4.23,15.7331164419236,34.1952743870477,38.0680168055763,17.5297778048435,12.6946364544488,-20.2990217904147,41.4784751694978,73.8219432023994,-55.1750080812845,-39.0842527302832,-36.2065980198312,52.3184164499755,112.91368624455
4.24,15.7399964498185,34.2889122091528,38.1384798711978,17.4533990600948,12.6459419144451,-20.285285308577,41.5510994748191,74.0328985591896,-55.2126210289591,-39.1592693263831,-36.3894679095349,52.1997045751205,113.063704996829
4.25,15.7390449894798,34.3816218487002,38.2067003396167,17.3748526060775,12.6107302046899,-20.2653849558028,41.6259401414515,74.2354334983831,-55.2617627278445,-39.2328134166254,-36.5662944843811,52.0762153181418,113.219229981453
4.26,15.7305617972694,34.4724725253451,38.272062313954,17.2948236017938,12.5883033670639,-20.2398301521538,41.7019652668112,74.4273447785877,-55.3209291747959,-39.3041133493682,-36.7359623828151,51.9493529079942,113.377333753875
4.27,15.7149441679264,34.5605457491135,38.3339759971446,17.2140234827779,12.5778188690806,-20.2091951426233,41.7781382431806,74.6065867688653,-55.3883978072325,-39.3724135847736,-36.8975037004074,51.8206484297524,113.535033648607
4.28,15.6926518542654,34.6450503370862,38.391942417344,17.1330161800856,12.5783347903213,-20.1739621055601,41.8534857779792,74.7714861498631,-55.4624173377752,-39.4370532674896,-37.050151057836,51.6913730027383,113.689496285231
4.29,15.6643158393662,34.7223465835986,38.4453766696179,17.0599358605549,12.5969561909502,-20.1338151025413,41.9237399048936,74.9010351994013,-55.5509192447012,-39.4974636850963,-37.1493591415542,51.5669804437428,113.855512826584
4.3,15.6300748267901,34.8028140318754,38.4941254130678,16.9658437187646,12.5996361190098,-20.0930284383483,42.0015534523363,75.0738684727796,-55.6102077100001,-39.5524350223317,-37.3696274152287,51.4336228221777,113.959832533944
4.31,15.5914541552613,34.8691602124041,38.53750661484,16.895709927749,12.6349277731298,-20.0466308600862,42.0653204606088,75.1671912532911,-55.7022873547613,-39.6025393691632,-37.446462318851,51.3158706760339,114.106755741399
4.32,15.5486255156456,34.9322680266179,38.5755373226705,16.8196695249338,12.6677358825498,-19.9989832472986,42.1282615064902,75.2625310869472,-55.782343250484,-39.6467145647795,-37.5595216708579,51.1991432573393,114.221548193151
4.33,15.5024549757275,34.9886565481767,38.6079068609256,16.7462019000614,12.7053378197191,-19.9498391693434,42.1862259316089,75.338887098475,-55.8586796951172,-39.6846880889052,-37.662624396242,51.0892191847231,114.320537774138
4.34,15.4537141789643,35.0379496837493,38.6345120585184,16.6758472516137,12.746473581711,-19.8998355794588,42.2386185289439,75.3959303017741,-55.9294777805462,-39.716214527133,-37.7555214916902,50.9874760402836,114.402084726412
4.35,15.4030468461515,35.0828289632021,38.655481312397,16.6013254809283,12.7817907028775,-19.8501847064059,42.2882526199089,75.4533311609696,-55.9833787871605,-39.7411257321212,-37.8815248768915,50.8906400377328,114.447765334604
4.36,15.3515753443286,35.1123226724609,38.6705365401947,16.551601365989,12.8422521056368,-19.7976544440411,42.3214709100364,75.4337704263214,-56.0597429782167,-39.7599395476228,-37.8698491044065,50.8145392410851,114.526470865119
4.37,15.2992697992075,35.1431343967296,38.6803472925972,16.4827995499179,12.8769895271235,-19.7483589534293,42.3588040985938,75.4589847659375,-56.093402137709,-39.7717784353077,-37.9837068998873,50.7367458914637,114.53021945055
4.38,15.2472562643098,35.1637827668102,38.6847612198949,16.4256793618002,12.9192725054947,-19.6987860641523,42.3858982906518,75.4467928459125,-56.1268808999117,-39.7773961537223,-38.0411539252644,50.6739767119983,114.533225670652
4.39,15.1961198921729,35.1749937838508,38.6841536843259,16.3791701123086,12.9669022915733,-19.6494328404578,42.4033190659742,75.4012843733294,-56.1580752513729,-39.7770973770211,-38.0493049082077,50.6257954882434,114.533009438553
4.4,15.1458496380932,35.1879667972475,38.6791139785435,16.3141022423185,12.9863481239128,-19.6041396159686,42.4244804977772,75.4024200648895,-56.1449408473599,-39.7705322845348,-38.1803056752406,50.5768389519813,114.459896127175
4.41,15.097819506136,35.18668327155,38.6698458282618,16.2747819467375,13.0270416133157,-19.5576626367851,42.4290294134672,75.3300233542444,-56.152182629499,-39.7593932849003,-38.1715652591584,50.5503971929031,114.422642602567
4.42,15.0517663068423,35.1860465253219,38.6572374007232,16.222798690577,13.0454970402467,-19.5149332033249,42.4347953435322,75.2886079310444,-56.1258836049525,-39.7434071827945,-38.249481242173,50.5256917835364,114.32999763456
4.43,15.0083790478291,35.1718316380439,38.6411463177421,16.1966039830958,13.0847867333733,-19.471043167289,42.4241954982237,75.1753261612353,-56.120872745961,-39.7236640220641,-38.1840445177944,50.5225976618983,114.278028197768
4.44,14.9672557812816,35.1631180479858,38.6229415011144,16.1480652170298,13.0897686030199,-19.4326298747746,42.4208521472834,75.1250212890268,-56.0674108420682,-39.6999556277136,-38.2645293926918,50.5153565024306,114.149352445389
4.45,14.9289905542635,35.1448765319212,38.6025455401209,16.1180639683016,13.1068031560122,-19.3943793334615,42.4060793138662,75.0273472373852,-56.0248477955651,-39.6735760082576,-38.2459208425543,50.524938616541,114.046613214495
4.46,14.8930909267374,35.1315862836913,38.5807984578725,16.0693378806567,13.0943001756431,-19.3609283733939,42.3971982503296,74.9839532580925,-55.9422861661204,-39.6443547090011,-38.3461483393319,50.5307718881866,113.883819530409
4.47,14.8606557411645,35.1111998553525,38.5584951554168,16.0373484038213,13.0928074735642,-19.3282416245508,42.3786864441692,74.8984694717631,-55.8740033853041,-39.6144211412958,-38.3572277545623,50.5508808899075,113.748833436366
4.48,14.8279407801232,35.0810903862057,38.5347712425325,16.0252328308036,13.1094545012471,-19.2921557941186,42.3468252521832,74.7456371261729,-55.8245579213778,-39.5828248195788,-38.2347209519781,50.5833274746493,113.648313275937
4.49,14.8043024139651,35.0695719201536,38.5139204350444,15.9731657480254,13.0668564501824,-19.2718289118682,42.3386778425138,74.7502192613403,-55.7110457230794,-39.5527940806727,-38.4060868079895,50.6041845084964,113.456567710799
4.5,14.7766205866084,35.0445696760641,38.4918308584647,15.9502948939292,13.0576850325306,-19.2426676742491,42.3115297427548,74.6426584772755,-55.6320157697498,-39.521534500779,-38.3621228665093,50.6372704272868,113.319570014699
4.51,14.7530147637351,35.0239138017657,38.4717323522931,15.9216168212562,13.0348452511695,-19.2190843348196,42.2888145576901,74.5693192578905,-55.5426656256187,-39.4920363302983,-38.3699987789641,50.6706018255929,113.172903229882
4.52,14.7310352961865,35.0051532713463,38.4534316781837,15.892441567548,13.0070225672176,-19.1979254599797,42.2672664481442,74.5050780726444,-55.4509986954817,-39.464182985249,-38.3830660010712,50.7042790703665,113.027743256283
4.53,14.710366938295,34.98856240589,38.4373242249117,15.8633589608495,12.9757317890823,-19.1790788812795,42.2472256235079,74.4491349115278,-55.3597315989789,-39.4385121952347,-38.3971858956444,50.7377460978071,112.888334189799
4.54,14.6906653030261,34.9746223385715,38.4237606467773,15.8342601470101,12.9417451478902,-19.1625028989984,42.2292911122364,74.4023911352076,-55.2706233369593,-39.4154956016003,-38.4123102568704,50.7701088410222,112.757152564083
4.55,14.6715766490797,34.9637830610816,38.4130406809015,15.804974201289,12.9057679897761,-19.1481591405235,42.214049128497,74.365837724574,-55.1852685134238,-39.3955455266062,-38.428859135128,50.8004986634136,112.636350567286
4.56,14.6527447477114,34.9564314650836,38.4054087662269,15.7753388417242,12.8685041003088,-19.1360024360217,42.202033185328,74.3403617481195,-55.1051693031065,-39.3790105860509,-38.4473003821877,50.8281113103028,112.527892197071
4.57,14.6338178128735,34.9528865552463,38.4010538126067,15.7452083788961,12.830653133959,-19.1259782542094,42.1937146266774,74.3267178113618,-55.031729877099,-39.3661742936171,-38.4680940375945,50.8522140822031,112.433549729566
4.58,14.6144572634698,34.9533971168377,38.400108631551,15.7144553619467,12.7928975405446,-19.1180230624383,42.1894964789881,74.3255225590977,-54.9662358290569,-39.3572534038068,-38.4916854030946,50.8721544592514,112.354883032407
4.59,14.5953642962945,34.9618721553058,38.4040060498511,15.6770954117486,12.7484918798376,-19.114100726246,42.1942111676429,74.3579944028349,-54.9028614952345,-39.3536426382076,-38.5628755649826,50.8847361798558,112.277979647543
4.6,14.572285725885,34.9648262715105,38.4075828205769,15.653369082601,12.7248452181795,-19.1061973310606,42.1909320558713,74.3462593940432,-54.8689433777697,-39.3507459835943,-38.5207945880317,50.8980897360447,112.25823438199
4.61,14.5509615058424,34.9815569573871,38.4184766634384,15.6155669950967,12.6852959142918,-19.105884728655,42.2044701044718,74.4016022696262,-54.8291401247005,-39.3555327866293,-38.5918287873921,50.9005325142664,112.222105430251
4.62,14.5273341100079,34.9963542097463,38.4316062135071,15.5903152171129,12.6638313554375,-19.1045984739714,42.2154740486178,74.429791467177,-54.8181546643522,-39.3635678096036,-38.5807465604796,50.9039981315518,112.23710538708
4.63,14.501053779758,35.0234023828577,38.4474040337955,15.5403352725668,12.6187830047805,-19.1071584216457,42.2414247304464,74.5352048947115,-54.7845800066045,-39.3743057305242,-38.7081345458533,50.8883211521097,112.217529717816
4.64,14.4737865561517,35.047269026251,38.4668618177671,15.5110771609222,12.6010015430424,-19.1092942862742,42.2633234404605,74.5957670171887,-54.7947006670632,-39.3900812597212,-38.7190130865861,50.878469424258,112.266617976103
4.65,14.4443495447925,35.0771808372886,38.4890111524298,15.4742861276333,12.5796947696815,-19.1133851386902,42.292493617028,74.6855828428957,-54.8086108099791,-39.4091505152239,-38.7711084033124,50.8586960568969,112.320601009858
4.66,14.4128659138112,35.1138820078451,38.5139682620649,15.4283928370471,12.5530488180687,-19.1198401624425,42.3299729087002,74.8089642864487,-54.8239508406955,-39.4315554688618,-38.8770014349456,50.828451769003,112.373189666512
4.67,14.3796358159253,35.1449708932518,38.5406660205284,15.4040386888741,12.5561307277684,-19.1243058490988,42.3605917353275,74.8810706799666,-54.8846719372325,-39.4571492258596,-38.8524638996922,50.8038313253248,112.500394765286
4.68,14.3441746316565,35.1874861496374,38.5698027484836,15.3570344238797,12.538154885845,-19.132844931878,42.4058405966779,75.0244704453903,-54.9249926052692,-39.4851615001933,-38.9654557407818,50.7621297557483,112.589201294481
4.69,14.3068378408867,35.229308923557,38.6002484511107,15.3170438794891,12.53287050788,-19.1412141773041,42.4508988331964,75.1568669588916,-54.9869871705017,-39.5153312590767,-39.0375812403465,50.7190494352431,112.712608393748
4.7,14.2677062612515,35.273057490092,38.6318353499169,15.2764015479288,12.5315517833146,-19.1503074447734,42.498902228766,75.2977246909025,-55.0594209179638,-39.5472421247538,-39.1149466163164,50.6708603205388,112.849938332581
4.71,14.2269363992799,35.3181801867725,38.6641485999597,15.2353796707483,12.534261317818,-19.1599550271861,42.549248398762,75.445438210897,-55.1416485404198,-39.5804324113824,-39.1964087162545,50.6180736571437,112.999882346468
4.72,14.1847207238683,35.3641555707061,38.696760883582,15.1941272922873,12.5408390193954,-19.1700132860854,42.601358748491,75.598692149581,-55.2326966965467,-39.6144196424063,-39.2816114995245,50.5611968785571,113.160619291921
4.73,14.1412784542103,35.4104611577631,38.7292470975871,15.1527912068763,12.551070363907,-19.1803305856541,42.6546345424419,75.7561271943245,-55.3314914561793,-39.6487207142409,-39.3701426485243,50.5007652452243,113.330225060303
4.74,14.0968572424221,35.4565673980704,38.7611834234288,15.1115390016668,12.5646955198575,-19.1907655507491,42.7084574170965,75.9163203264717,-55.4368698081569,-39.6828512759227,-39.4615170443568,50.4373701834963,113.506680230833
4.75,14.0517270416257,35.5019519269036,38.7921563845045,15.0705441242104,12.5814118827112,-19.2011800361,42.7622030466468,76.0778208680382,-55.5475945515564,-39.7163362027982,-39.5551984662433,50.3716342751134,113.687904348657
4.76,14.0061742446963,35.5461111968229,38.821769251764,15.0299713644303,12.6008763580719,-19.2114333305603,42.8152525498806,76.2391899471165,-55.6623691699754,-39.7487174444753,-39.6506254177967,50.3041880406474,113.871792363312
4.77,13.9604966122689,35.588567224191,38.849648416646,14.9899783688627,12.6227143337127,-19.2213857551201,42.8670023347638,76.3990133361946,-55.7798592502627,-39.7795611223035,-39.7472110235851,50.2356698378822,114.056247909172
4.78,13.9150000504637,35.6288683643486,38.8754478876303,14.9507307192174,12.6465319741098,-19.2309097998079,42.9168704140631,76.5558877135305,-55.8987118817387,-39.8084620939305,-39.8443221465926,50.1667449963648,114.239204362812
4.79,13.8699956470487,35.6665922312206,38.898853425708,14.9124083392505,12.6719244554843,-19.2398959711354,42.9643030429544,76.708420308829,-56.0175686757864,-39.8350484061234,-39.9412746577898,50.0981147221729,114.41864439449
4.8,13.8257962575848,35.7013486744229,38.9195851642061,14.8752063658076,12.6984819751404,-19.2482554480036,43.0087803231005,76.8552363610752,-56.1350750044007,-39.8589843210366,-40.0373389774555,50.0305199477472,114.592619010024
4.81,13.7827129590236,35.7327815567889,38.9373987104258,14.8393348112304,12.7257953878025,-19.2559218345715,43.049820206741,76.9949879297918,-56.2498895847933,-39.8799718220858,-40.1317478460082,49.964745741803,114.759266608448
4.82,13.7410526839688,35.7605700696145,38.9520864337684,14.8050205121757,12.7534620042318,-19.2628547552568,43.0869825364759,77.1263634040633,-56.3606959937125,-39.8977522215583,-40.2237048196733,49.9016313690344,114.916833995681
4.83,13.7011161784925,35.7844285270943,38.9634774982641,14.7725094298906,12.7810909002978,-19.2690427648649,43.1198711769052,77.24809187241,-56.4662115738221,-39.9121063916178,-40.3123894433412,49.8420786281028,115.063690932732
4.84,13.6631957448354,35.8041021036757,38.9714338323871,14.7420682852491,12.808306857997,-19.2745041213689,43.1481310539226,77.3589377222936,-56.5651903282952,-39.9228508246203,-40.396956427917,49.7870531994723,115.198330547848
4.85,13.6275728532084,35.8193656295535,38.9758481450305,14.7139826238322,12.83475349199,-19.2792860011189,43.1714477755012,77.4577067529803,-56.6564303789485,-39.9298358625786,-40.4765426926505,49.7375768952219,115.319375401051
4.86,13.5945874162566,35.8271781121326,38.9764863552775,14.6959115878362,12.8682633580209,-19.282510563894,43.1862176360504,77.5241137330335,-56.7487881515572,-39.9329918685187,-40.5067579504802,49.6987571571916,115.443983920149
4.87,13.5640489704734,35.8384485715864,38.9737931408992,14.6593435832563,12.8758812345964,-19.2881391996001,43.2058650335236,77.635282597975,-56.7993320486383,-39.931788379546,-40.6592185809987,49.6560276927224,115.49786133101
4.88,13.5369591364746,35.8365723507013,38.9670976425252,14.6476204460235,12.9064257812005,-19.2904504015194,43.2094916925316,77.6717852999674,-56.8711008764024,-39.9270104980406,-40.6743917369943,49.6336416817667,115.590187856724
4.89,13.5130942474234,35.8326190896539,38.9569207769835,14.6320266895438,12.9267749258314,-19.2934549860118,43.2107268223356,77.7116340664913,-56.9211177324077,-39.9182078416574,-40.7250903950234,49.616774480469,115.646640363154
4.9,13.492715862076,35.8238098673227,38.9431737454755,14.6199415216503,12.9446086238299,-19.29632721311,43.206283872492,77.7358035503813,-56.9583856135618,-39.9054732463347,-40.7682604237174,49.6099728334976,115.684773333442
4.91,13.4759981289735,35.8101881009606,38.9259861605907,14.6116139286297,12.9598286595605,-19.2991139743409,43.1961392208512,77.7439090858654,-56.9826836930835,-39.888939752626,-40.8025635751279,49.6134836168051,115.704952340394
4.92,13.4627685000049,35.7946692814963,38.9055614860668,14.5994641100188,12.9641621366669,-19.3024442876249,43.1835315152547,77.755232762791,-56.9839505696031,-39.8686245903615,-40.8695890646063,49.6225287761314,115.690034668966
4.93,13.4545074286924,35.7668029093804,38.8823521742315,14.6138098714772,12.9905470474336,-19.3034945034009,43.1556550656554,77.6918234742711,-57.0055971123471,-39.8459708655006,-40.7972633291603,49.6529037884044,115.713608648033
4.94,13.4500063969219,35.7421205818754,38.8567683460781,14.6129574543111,12.9932773017738,-19.3063514787417,43.1316153600813,77.6699144266926,-56.9897784527586,-39.8201682870212,-40.8221281008801,49.6797653760373,115.683492951326
4.95,13.4465458309419,35.7184336712423,38.828410028693,14.600471048595,12.9780480529968,-19.3077753009479,43.1081412335412,77.6623594848858,-56.9395849148798,-39.7906426764088,-40.9069327209404,49.6983963688778,115.595771915849
4.96,13.4498371020216,35.6864450836455,38.7999158919421,14.6110355672259,12.9831904655392,-19.3069738815326,43.0729805368957,77.6037686282069,-56.9189198023276,-39.762066552453,-40.8644988639329,49.7272947893146,115.567282112631
4.97,13.4555936537661,35.6575636029442,38.7711605535636,14.6111921447014,12.9747834001259,-19.3036983970086,43.0392099739998,77.5655559014034,-56.8812379258771,-39.7330887093593,-40.8639261878329,49.7377511564566,115.51067137738
4.98,13.4642980314279,35.6318019196438,38.7437024520051,14.6052119081055,12.9595172121765,-19.2965822584403,43.0062411775996,77.5433805178671,-56.841087451015,-39.705763311249,-40.8727054255893,49.7239541846931,115.452185574776
4.99,13.4753684604884,35.6116129765638,38.7190804075018,14.5900985549688,12.9372102576823,-19.2839612184436,42.9760385828296,77.5467143263821,-56.8041280987264,-39.6819036424738,-40.8931715423959,49.6733770320728,115.399717060018
5,13.4864317129459,35.5962528404268,38.6985310740378,14.5698908949774,12.9171906689827,-19.2614661061742,42.9465204284974,77.5579256609477,-56.7859621619454,-39.6630875961699,-40.8744053718714,49.5744533024918,115.376491258148
