Time,Angle_HipFlexion,Angle_HipAbduction,Angle_KneeFlexion,Angle_AnklePlantarFlexion,Angle_ElbowFlexion,Angle_WristFlexion
1.07,-18.0504081002572,-1.46976483366977,5.74912799199891,-9.00108555146328,5.34863272944925,-56.7407302741863
1.08,-17.8528845935379,-1.44356294029261,6.32413057052135,-9.39181579878666,5.37920308367524,-56.7528244265205
1.09,-17.6019689498275,-1.42515894626759,6.99466070118589,-9.83065633983145,5.41227685937051,-56.764231569816
1.1,-17.2970733449904,-1.41351009036747,7.75872304561247,-10.3157999126696,5.44780099751252,-56.7749824169182
1.11,-16.9384124301623,-1.40725618202189,8.6122053792133,-10.84419635045,5.48567126846844,-56.7851177011385
1.12,-16.5270106391602,-1.40481042231185,9.54891288043619,-11.4115562406856,5.52574477665115,-56.7946806465943
1.13,-16.0647221704935,-1.4044699635231,10.5606220055729,-12.0123976578705,5.56784439715325,-56.8037155892173
1.14,-15.554247080253,-1.40454422311031,11.6371721666434,-12.6401423873647,5.61176285211132,-56.8122669884167
1.15,-14.9991086934886,-1.40348060824403,12.7666494273558,-13.2873174780326,5.65725861861321,-56.8203838576992
1.16,-14.4035978297796,-1.39998947239306,13.9356324379564,-13.9457961145529,5.70405924665628,-56.8281189218144
1.17,-13.7727675241688,-1.39322251456284,15.1293145189502,-14.6067931672323,5.75193539522432,-56.8354795027145
1.18,-13.1120629453448,-1.38266882143264,16.3323250723514,-15.2617893347303,5.80058155512179,-56.8425096326746
1.19,-12.4272342384344,-1.36823488979982,17.5289440388622,-15.9025020521778,5.84968877063777,-56.8492416503917
1.2,-11.7241226804425,-1.35019144258354,18.7035441719705,-16.5211334478275,5.89894962216941,-56.8556938817291
1.21,-11.0084529724999,-1.32907720478477,19.841007816884,-17.1105552342223,5.94805548382676,-56.8618736483307
1.22,-10.2856791312999,-1.30559804150121,20.9270402311263,-17.6643510591898,5.99670138837288,-56.8677752333062
1.23,-9.56088259390982,-1.28052992490121,21.9483965738002,-18.1767709099145,6.04459070516314,-56.8733781582541
1.24,-8.83872319876964,-1.25463807060418,22.8930285296713,-18.6426271111251,6.09143946027853,-56.8786459275241
1.25,-8.12343345070899,-1.22861795657045,23.7501656907369,-19.0571647609788,6.13698793055844,-56.8835198143211
1.26,-7.41884740129234,-1.20305774582238,24.5103498489143,-19.4159346588939,6.1810046239815,-56.887918209593
1.27,-6.72846544662071,-1.17841640472442,25.1654398927608,-19.7146890959684,6.22322026506939,-56.8917859518403
1.28,-6.05547957500533,-1.15501648461975,25.7086005955062,-19.9493177434196,6.26344861801008,-56.8950113353524
1.29,-5.4028431298508,-1.13304153806821,26.1342800398724,-20.1158167160775,6.30152285677285,-56.8974736766487
1.3,-4.773314249952,-1.11253448636334,26.4381859045655,-20.2103021387778,6.33729586787206,-56.8990457023346
1.31,-4.16948699328455,-1.09339379634905,26.6172598591253,-20.2290600401001,6.37063979589393,-56.8995967230156
1.32,-3.59380859671146,-1.07536497447806,26.669650477129,-20.1686270843449,6.40144449868365,-56.8989961756159
1.33,-3.04856438564651,-1.05802632982163,26.5946858960544,-20.0258985511006,6.42968341098581,-56.8970659897322
1.34,-2.53589916226477,-1.04076726688995,26.3928427509654,-19.7982469728994,6.45529669976325,-56.8936696258228
1.35,-2.05777747634763,-1.02276220705504,26.0657184205611,-19.4836591544762,6.47825790677097,-56.8886627867515
1.36,-1.61595061139617,-1.00293913772431,25.6160078628736,-19.0808790054183,6.49857257325945,-56.8818943035754
1.37,-1.21192885651379,-0.979941971553083,25.0474954786524,-18.5895596924067,6.51620599661017,-56.8732617690274
1.38,-0.846900251320651,-0.952104759473626,24.3650559129347,-18.010414735407,6.53118560815028,-56.8626293426736
1.39,-0.521675566024712,-0.917423537267714,23.5746914576989,-17.3453891867535,6.5435331984643,-56.849878043219
1.4,-0.236604291072463,-0.873548240182646,22.6835991156556,-16.5978460206303,6.55325986495828,-56.834905898401
1.41,0.00854015290552034,-0.817805538835679,21.7002707739822,-15.7727762787791,6.56042983009827,-56.8175703783878
1.42,0.21462908821307,-0.747265603689613,20.6346138027761,-14.8770220781676,6.56505288252078,-56.7977706104487
1.43,0.383279357308386,-0.658878420682198,19.4980650984848,-13.9194999671875,6.56714349448132,-56.7753914252207
1.44,0.516894205462701,-0.549692254422105,18.3036490656281,-12.9113707845251,6.56671839351199,-56.7502968876212
1.45,0.618608158920998,-0.417156139289772,17.0659177823963,-11.8660817931227,6.56372130529808,-56.7223857577645
1.46,0.692165621977355,-0.259503126447853,15.8006871548056,-10.7991612792263,6.55812103030233,-56.6914973867118
1.47,0.741636978006186,-0.0761407077846971,14.5245525349802,-9.72770011873213,6.54984697672711,-56.6574575979577
1.48,0.771070381503607,0.132016187919218,13.2541863949054,-8.6694759834886,6.53884718628253,-56.6200185906812
1.49,0.784063265315134,0.362366278705475,12.0055140117016,-7.64179021364578,6.52499496173351,-56.5789370766934
1.5,0.783436225615221,0.610651201544528,10.7929234629996,-6.66021261988081,6.50814708743323,-56.5339222940499
1.51,0.771009870442211,0.871206335633129,9.6286658246672,-5.73746590369046,6.48808723594775,-56.4846942556224
1.52,0.747603038723262,1.13736812180496,8.52253696101297,-4.88264693338585,6.46462504109056,-56.4309052221468
1.53,0.713152574008134,1.40196429990561,7.48186707355415,-4.10090053151119,6.43754880400077,-56.3722019915889
1.54,0.66698084885937,1.65778503762868,6.51174543009823,-3.39351986280235,6.40670388563363,-56.3081759307061
1.55,0.60805678592137,1.89798473292815,5.61538809641879,-2.75837929921697,6.37190789063695,-56.238472214121
1.56,0.535274185666657,2.1163749567047,4.79454887926587,-2.19056917496589,6.33296377350859,-56.1628104342348
1.57,0.447709164306836,2.30760831687611,4.04990404390729,-1.68311551089572,6.28975954157627,-56.0809221456845
1.58,0.344768859606331,2.4672801431612,3.38137708963347,-1.22770592973958,6.24222158649588,-55.992629444452
1.59,0.226310851823562,2.59195885073787,2.78838512821362,-0.81536731372736,6.19037714108021,-55.8978160935144
1.6,0.0926611341534666,2.67917785066022,2.27001249193026,-0.437073671423284,6.1342750711559,-55.7965365538688
1.61,-0.0553696324937227,2.7273937148018,1.82511735885861,-0.0842702998543673,6.07404741458298,-55.6889820002606
1.62,-0.216525263437195,2.73593219346,1.45238672748429,0.25068511189405,6.00991405075855,-55.5754976002124
1.63,-0.389193652945446,2.70493042608161,1.15035236301993,0.574163678608551,5.94212225847719,-55.4566601210401
1.64,-0.571469914231433,2.63526930414816,0.917377632196857,0.890990182484426,5.87104377329126,-55.3331885171963
1.65,-0.761288387970371,2.52851130422578,0.751629021532851,1.20424692611727,5.79711331849479,-55.2060086190726
1.66,-0.95654939923745,2.38683287246216,0.651039925675508,1.51515881338202,5.72082410683131,-55.0762524605752
1.67,-1.15523397096124,2.21294893891613,0.613275040184283,1.82305945890776,5.64278311262819,-54.9451879191161
1.68,-1.35556507505769,2.01003616632752,0.635703284086172,2.12543603571112,5.56361047317952,-54.8143041208356
1.69,-1.55611249136376,1.7816392424427,0.715381799470222,2.4180549068423,5.4839848929312,-54.6852384661667
1.7,-1.75589181732058,1.53156725906783,0.849054604938471,2.69516411453027,5.4046373870701,-54.5597520681877
1.71,-1.95443085383197,1.26377756935799,1.03316547756715,2.94976950506658,5.32634475480711,-54.4397008460482
1.72,-2.15179284767766,0.9822481552065,1.26388278835846,3.17397850228919,5.24992358905973,-54.3270027227951
1.73,-2.34856392354525,0.690843440109644,1.53713261099131,3.35940212729245,5.17617315646636,-54.2236571950037
1.74,-2.54574801950175,0.393171129648437,1.84863370259705,3.49760386420484,5.10596156064713,-54.1316092448031
1.75,-2.74465471326125,0.0924498712306384,2.19393055639761,3.58057588695497,5.04017059051873,-54.0527633604941
1.76,-2.94674097015202,-0.208606590465889,2.56841816226501,3.60122105785258,4.97969119463789,-53.9889420612436
1.77,-3.15344600023804,-0.50786789098636,2.96735521449166,3.5538109523466,4.92542397641642,-53.9418375903403
1.78,-3.3660570997218,-0.803804113693041,3.38586546292058,3.43438406128088,4.87827252797253,-53.9129695278544
1.79,-3.58563870481135,-1.09541999189983,3.81893170070958,3.24104472453043,4.83913448946406,-53.9036431021437
1.8,-3.81304184875678,-1.38209964023703,4.2613928190078,2.97412670572357,4.80889027337482,-53.914909433319
1.81,-4.04897874609511,-1.66338593833079,4.7079586594644,2.63620039790669,4.78839058998876,-53.9475294914046
1.82,-4.29411262960309,-1.93875502159796,5.15325599363927,2.23192935369455,4.77844506871199,-54.0019439439736
1.83,-4.54910079355635,-2.20746466970065,5.59190943720356,1.76781107751043,4.77981445406459,-54.0782509568933
1.84,-4.81455518190453,-2.46853446653518,6.01864674735595,1.25185363298468,4.79320747969653,-54.1761931774295
1.85,-5.09093722224112,-2.72085970776253,6.42840725812724,0.6932342130335,4.81928108034316,-54.2951538027232
1.86,-5.3784461682701,-2.96340268375651,6.81643224303155,0.101964239030913,4.8586405047247,-54.4341605740079
1.87,-5.67696490689397,-3.19537841767127,7.17832619628489,-0.511436132462182,4.91183541351749,-54.5918963935463
1.88,-5.98609710272278,-3.41636572521183,7.51009142945109,-1.13626088682165,4.97934409624884,-54.7667214857058
1.89,-6.30528287342478,-3.62631293002032,7.80814759006536,-1.76194208514485,5.06155594749116,-54.9566962673818
1.9,-6.63394174300924,-3.82544781984975,8.06934979017304,-2.37836941452127,5.15879560505196,-55.1595619611721
1.91,-6.97163049102676,-4.01411882467271,8.2910175168384,-2.97619246786284,5.27121288156378,-55.372868939547
1.92,-7.31811608069703,-4.19262277667958,8.47097526929288,-3.54708750509155,5.39880654775767,-55.5939739479765
1.93,-7.67338348984926,-4.36105395819316,8.60760288375827,-4.08397254078588,5.54140463484234,-55.820097327926
1.94,-8.03757279856698,-4.51920634830366,8.69988606061501,-4.58115810601828,5.69864635262575,-56.048393589631
1.95,-8.41086510791497,-4.6665437492835,8.74745604017413,-5.03442758449303,5.86997741998589,-56.2760216370448
1.96,-8.79334894361367,-4.80223596830016,8.75060920387267,-5.4410482420506,6.05465339946487,-56.5002170741652
1.97,-9.18489648632519,-4.9252471690643,8.71030145571662,-5.79972042636404,6.25175001913245,-56.7183629961548
1.98,-9.58507102640765,-5.03445577232224,8.62811705622123,-6.11047680388494,6.4601789312276,-56.9280557393908
1.99,-9.99307513978802,-5.12878450904719,8.50621547818662,-6.37454536027491,6.67871243487884,-57.1271576179533
2,-10.407742880677,-5.20732163321309,8.34726224021459,-6.59418956082559,6.90600510015867,-57.3138443290288
2.01,-10.8275795736601,-5.26941815497108,8.15435038938435,-6.77253720961407,7.14056956819991,-57.4866846073118
2.02,-11.2507979535783,-5.31476420914244,7.93091631870568,-6.91340576960313,7.38088394808843,-57.6445830268692
2.03,-11.6754017697937,-5.34342821854919,7.68065639480603,-7.02113141437061,7.62536610282545,-57.7868359069863
2.04,-12.099265693273,-5.35587054211737,7.40744513484114,-7.10040476797448,7.87239510080227,-57.9131291176951
2.05,-12.5202143273378,-5.35293297596448,7.11525680418609,-7.15611600500153,8.12033618423444,-58.023519981182
2.06,-12.936097724955,-5.33580804810148,6.80809135489194,-7.19321106819215,8.36755834943761,-58.1184144492119
2.07,-13.3448590723745,-5.30599299264041,6.489905217413,-7.21656041992029,8.61244954744149,-58.198535883034
2.08,-13.7445930147789,-5.26523270566449,6.1645474676061,-7.2308417792419,8.85342922395955,-58.2648869571153
2.09,-14.1335942733459,-5.21545561700461,5.83570190435401,-7.24043838810425,9.08895809084874,-58.3187061890073
2.1,-14.5103970366501,-5.15870614078636,5.50683552583122,-7.249354356076,9.31754527619058,-58.361420626368
2.11,-14.8738061534651,-5.09707727887301,5.18115370012339,-7.26114838085135,9.53775327928948,-58.3945961609447
2.12,-15.2229213738355,-5.03264707279922,4.86156199697915,-7.27888654155872,9.74820141365556,-58.4198867332192
2.13,-15.5571557389984,-4.96742289159947,4.55063427606046,-7.30511396497848,9.94756863381046,-58.4389835107639
2.14,-15.8762487245103,-4.90329790281505,4.25058636113393,-7.34184413527081,10.134596749884,-58.4535649880441
2.15,-16.1802739908541,-4.84202433988447,3.96325457714318,-7.39056365200162,10.3080950062731,-58.4652488312881
2.16,-16.4696420334153,-4.78520779989076,3.69007862941538,-7.45224950535388,10.4669417471472,-58.4755502882688
2.17,-16.7450929849214,-4.7343275430198,3.43208870150056,-7.52739539024692,10.6100938229905,-58.4858397616746
2.18,-17.0076655030417,-4.69078930664031,3.18989725243808,-7.61604327432773,10.7366448337319,-58.4972674891216
2.19,-17.2586825278423,-4.65600060351034,2.96369732164462,-7.71781759781321,10.8457593781204,-58.5107936492285
2.2,-17.499681279878,-4.6314888395579,2.7532691207185,-7.83195771750959,10.9367351975063,-58.5271225700025
2.21,-17.7323244540127,-4.61905105749419,2.55799875955346,-7.95734669000803,11.0090214196253,-58.5466784183809
2.22,-17.9582727570908,-4.62093882028343,2.37691346556912,-8.09253435753639,11.0622315943548,-58.5695911362826
2.23,-18.1790071898475,-4.64007613339088,2.20873864286774,-8.23575493368857,11.0961604227579,-58.5956852057407
2.24,-18.3956005256808,-4.68029374853123,2.05198238124921,-8.38494468045286,11.1107976184906,-58.6244759051906
2.25,-18.6084603117088,-4.74652416727923,1.90505103555214,-8.53777768710198,11.1063358701823,-58.6551739536526
2.26,-18.8171245032282,-4.84481209442849,1.76639203102369,-8.69176209570592,11.0831656535211,-58.6867001113712
2.27,-19.0202938511028,-4.98184986289014,1.63464275365202,-8.84447280125451,11.0418416038612,-58.7177125737888
2.28,-19.2163758815673,-5.16364923336543,1.50873946095956,-8.99400797843408,10.982997966517,-58.7466513272169
2.29,-19.4046971588425,-5.39321439871007,1.3879307181102,-9.13966700029136,10.9072020475992,-58.7718018828994
2.3,-19.5870072679718,-5.66793931415796,1.27170042245453,-9.28263339487933,10.814783350075,-58.7913724432464
2.31,-19.7682665159983,-5.9783435532429,1.15972213206151,-9.42627863389094,10.7057362908377,-58.8035666201717
2.32,-19.9559250942521,-6.30933956401034,1.05191325615336,-9.57572731541233,10.5797892459971,-58.8066271255823
2.33,-20.1579741056764,-6.64339051772993,0.94871803888511,-9.73709249735605,10.4366097013627,-58.7988556494121
2.34,-20.3809639446487,-6.96374231874509,0.851415195483326,-9.91670607781496,10.2760449815738,-58.7786160291083
2.35,-20.6288493046218,-7.25644922960766,0.762335873145115,-10.1206390463174,10.0982906056464,-58.7443486275256
2.36,-20.9027653297283,-7.51108558855834,0.684939995744036,-10.3544728992592,9.90392051640005,-58.6946374065768
2.37,-21.201333794464,-7.72063575322773,0.623828381699543,-10.6232691196686,9.69397455684729,-58.628184098992
2.38,-21.5212456764667,-7.88104322241122,0.584654911711503,-10.9314921978488,9.46987659995224,-58.543896746535
2.39,-21.8578383700796,-7.99069880541843,0.574020416318733,-11.2829191459644,9.2333797256535,-58.4409426058832
2.4,-22.2055834305147,-8.04998283454655,0.599355070260031,-11.6805089134523,8.98650830666968,-58.3187952213703
2.41,-22.5584601291955,-8.06089074525756,0.668796720949804,-12.1262440090813,8.73148741444139,-58.177284615818
2.42,-22.9102151446247,-8.02673534753112,0.791074548010397,-12.6209767887394,8.47067770544333,-58.0166338905727
2.43,-23.2545171315363,-7.95190668164519,0.975407071765453,-13.1643162712153,8.20655722304263,-57.8374438593642
2.44,-23.5850776469638,-7.84165144223863,1.2314236597672,-13.7545956229619,7.94157838003567,-57.6407761916447
2.45,-23.8956815999688,-7.70186289636289,1.56912729706245,-14.3889506566557,7.67815816138188,-57.4281068395404
2.46,-24.1801824136589,-7.53884516914307,1.99891338793709,-15.0635351119959,7.41862667480493,-57.2013044257667
2.47,-24.4324434782941,-7.35903268952354,2.53166092125417,-15.7738772617259,7.1651779048166,-56.9625972294788
2.48,-24.6462074921129,-7.16864421651982,3.17890450143497,-16.5153544211676,6.91983993357704,-56.7145163983466
2.49,-24.814885685478,-6.97324697063002,3.95307672889451,-17.2837204839259,6.68445010819806,-56.4598328351081
2.5,-24.9312824502326,-6.77720325328352,4.86777301019051,-18.0755607302611,6.46059440471261,-56.2015307257573
2.51,-24.9872470409657,-6.58299317050188,5.9379272761055,-18.8884576618947,6.24969052162923,-55.9426523335035
2.52,-24.9734396656785,-6.39041384241307,7.1796800068911,-19.7205569338098,6.05294574223613,-55.6862697537993
2.53,-24.8793689260383,-6.19577706463565,8.60960104693991,-20.5691459985596,5.87136995456778,-55.4354136531575
2.54,-24.6940041224333,-5.99138871967534,10.2428704444618,-21.4279819372693,5.70579375156149,-55.1930012616313
2.55,-24.407196227019,-5.76580737119085,12.0902414010642,-22.2836623936577,5.55686765104059,-54.9617776285263
2.56,-24.0117465635189,-5.50541127764063,14.1543371396359,-23.1124202431238,5.42505358140678,-54.7442510987737
2.57,-23.5052771904061,-5.1973134571416,16.4268666927118,-23.8796821234533,5.31065597615472,-54.5425790065531
2.58,-22.8907343318717,-4.83265975068707,18.8886465028392,-24.5441116483492,5.21371066380856,-54.3585998626502
2.59,-22.1748789786633,-4.40873195174437,21.5128847966268,-25.0651334719906,5.13403777288082,-54.1937414947405
2.6,-21.3656440344128,-3.9288826829949,24.2699360019223,-25.4104224845685,5.07126529178926,-54.0490047931798
2.61,-20.4699008697883,-3.40077621837323,27.1309686270996,-25.5602268218798,5.02485984715718,-53.9249740719043
2.62,-19.4925987509592,-2.83421253074443,30.0693183316147,-25.5080153086348,4.9941607174147,-53.8218340793079
2.63,-18.4371955751364,-2.23950040236951,33.0600080933475,-25.2589151180172,4.97840281676563,-53.7393925220093
2.64,-17.3067435579598,-1.62662573361444,36.078587999252,-24.8275540079348,4.97672920981512,-53.6771058795784
2.65,-16.1050227702808,-1.00500587516612,39.1001866115017,-24.2361306664189,4.98819785248057,-53.6341091931531
2.66,-14.8373688699412,-0.383524288842689,42.0991521128482,-23.5128314432244,5.01178713647012,-53.6092509436478
2.67,-13.5110704176716,0.229379123428535,45.0492797813805,-22.6904045304597,5.04640308832967,-53.6011333263784
2.68,-12.1353564755352,0.825676375043706,47.9244317749384,-21.8046856306512,5.09088938080412,-53.6081572330401
2.69,-10.7210728173399,1.39781023432784,50.6993031147634,-20.8929769062753,5.14404018001823,-53.6285704406308
2.7,-9.28017551884728,1.93882776147904,53.3501198824141,-19.9923066854964,5.20461526839097,-53.660517055368
2.71,-7.82516672222041,2.442552256172,55.8551320244877,-19.1376878637938,5.2713566785746,-53.7020862678791
2.72,-6.36856994858102,2.90375456330207,58.1948516977881,-18.3605287299268,5.34300609848814,-53.7513587768547
2.73,-4.92250383376975,3.31829200142627,60.3520632406514,-17.6873338786621,5.41832243258129,-53.8064496259484
2.74,-3.49837557057564,3.68319486563366,62.3116772551375,-17.1387821296146,5.49609902474845,-53.8655465508519
2.75,-2.10668715366199,3.99669250954111,64.0605156393983,-16.7292059381631,5.57518013401739,-53.9269431563729
2.76,-0.756932055641178,4.25818095719095,65.5871033699286,-16.4664429764002,5.65447630433725,-53.989066404818
2.77,0.542443942524651,4.46814064609853,66.8815177133195,-16.3519973846472,5.73297829555164,-54.0504981246504
2.78,1.78404009105838,4.62801612358312,67.9353171891695,-16.3814379447207,5.80976928823097,-54.1099905253168
2.79,2.96147099309524,4.74006994829033,68.7415483515258,-16.5449678389709,5.88403514162781,-54.1664759238991
2.8,4.06931876722681,4.80722142388537,69.2948113659903,-16.8281166487678,5.9550788935511,-54.2190649243116
2.81,5.1030658797112,4.83287961654123,69.591356655696,-17.2125215682156,6.02232685695949,-54.2670453732685
2.82,6.05899552610815,4.82077992875168,69.6291831683622,-17.6767753605686,6.08527520998616,-54.3099313098043
2.83,6.9341128075194,4.77481988026977,69.4081026152319,-18.1973154980386,6.14359143283979,-54.347357953844
2.84,7.72601140795758,4.69891332698032,68.9297559543918,-18.749332966013,6.19705758667651,-54.3791219969938
2.85,8.43274298487972,4.5968577028216,68.1975606707388,-19.3076614067304,6.24556689887886,-54.4051662819094
2.86,9.05268443770226,4.47222064502959,67.2165855370825,-19.8476048000287,6.28912455882358,-54.4255565267382
2.87,9.58440822356356,4.3282502649848,65.9933589410456,-20.3456590980826,6.3278403673342,-54.44046275105
2.88,10.0265651005519,4.16781199902635,64.5356256840035,-20.7800876180617,6.36191960038591,-54.4501402518571
2.89,10.3777857586217,3.99335495033698,62.8520742417324,-21.1313212570365,6.3916523471424,-54.4549108227173
2.9,10.6366061919979,3.80691083668404,60.9520600744236,-21.3821700061006,6.41740163968239,-54.4551447700912
2.91,10.801420778782,3.61012978067696,58.8453510357106,-21.5178488247017,6.43959072799043,-54.4512440961994
2.92,10.8704676320062,3.40435956790136,56.5419193211773,-21.5258356683352,6.45868988497875,-54.4436271057998
2.93,10.8418533263552,3.19077894688842,54.0518025050805,-21.3955903443202,6.47520315898852,-54.4327146850924
2.94,10.7136288967252,2.97060132935846,51.3850563138598,-21.1181697113845,6.48965554226427,-54.4189184414939
2.95,10.4839364925941,2.74537306411265,48.5518266597005,-20.6857797374415,6.50258109914879,-54.4026307040464
2.96,10.1512573467371,2.51740008944032,45.5625819525873,-20.0913136516103,6.51451267650558,-54.3842163160118
2.97,9.71480939995082,2.29034655821874,42.4285750586155,-19.3279491828355,6.52597390877794,-54.3640063588469
2.98,9.17517055074288,2.07005313425002,39.1626582549126,-18.3889387492773,6.53746817149718,-54.3423002815659
2.99,8.53525560791348,1.86560175441987,35.7806675620178,-17.2678637949786,6.5494777510367,-54.3193648816855
3,7.80184542545726,1.69055876859093,32.3037265816285,-15.959893808059,6.56252247065118,-54.2953828502107
3.01,6.98781082298454,1.56405926281268,28.7619193535287,-14.4650048220251,6.57706457164411,-54.2705583611171
3.02,6.11503830173217,1.51075551681599,25.1994541614874,-12.7943612724702,6.59356317017987,-54.2450709317012
3.03,5.21689321867385,1.55775808180621,21.6798979224128,-10.9800126148474,6.61244335380234,-54.2190788451237
3.04,4.33721505581001,1.72660934358018,18.2867318512225,-9.08381110678149,6.63400112257101,-54.1927072942576
3.05,3.52220684045193,2.02153416241866,15.1123894022208,-7.1953852800162,6.65825360026442,-54.1659988885774
3.06,2.80640488023587,2.42138591657223,12.2354159898497,-5.41114422998418,6.68480086673,-54.1388517215676
3.07,2.20188224366116,2.88353217003358,9.69916586736004,-3.80365815231757,6.71281529126525,-54.1109936584235
3.08,1.69898986779235,3.35788423795705,7.50753712271933,-2.40372452381297,6.74118434260542,-54.0820238611294
3.09,1.27603529459669,3.80058037276653,5.63714486965908,-1.20458690475514,6.76870574091834,-54.0515008667048
3.1,0.909349785635975,4.18043116517052,4.05337222076437,-0.178003335112583,6.79423054355508,-54.0190341517641
3.11,0.579009962576397,4.4789755283245,2.72140476300535,0.710816848233186,6.8167297613176,-53.9843529066812
3.12,0.27054223629876,4.68775510850647,1.61118882858801,1.49430271434427,6.83531620791009,-53.9473411341725
3.13,-0.0254701579339506,4.80526644531729,0.698589267145098,2.19873268669212,6.84923738476464,-53.9080562602179
3.14,-0.31446770107225,4.83450600973799,-0.0351466549897449,2.84336780689761,6.85780632301882,-53.8667861756189
3.15,-0.598956637276974,4.78122105847779,-0.60446196941012,3.44089170618111,6.86048972973608,-53.8239422231146
3.16,-0.879401777910756,4.6527449242503,-1.02060583998292,3.99828475638344,6.85684157791352,-53.7801004832638
3.17,-1.15489654903498,4.45724320467517,-1.29262885195527,4.5177490103289,6.84649819201889,-53.7359833570786
3.18,-1.42367377417064,4.20323439825969,-1.42822390490674,4.99755896774232,6.82918338348616,-53.6924339667423
3.19,-1.68350999516861,3.89928425614145,-1.43442248501111,5.43283747194553,6.80471076068737,-53.6503970668401
3.2,-1.93205471660317,3.55380540062149,-1.31816508057449,5.81630480752139,6.77298906187466,-53.6109010483894
3.21,-2.16710280022587,3.1749204911391,-1.08676202801201,6.13905510676188,6.73402977965793,-53.5750413576306
3.22,-2.38681966782789,2.77036703399319,-0.748256243998671,6.39139535529471,6.68795619403972,-53.5439652057202
3.23,-2.58992633831642,2.34743462333588,-0.311694694665039,6.56374964566484,6.63501285186388,-53.5188571323039
3.24,-2.77585046134546,1.91293020917274,0.212688968736835,6.64759389140614,6.57557457076916,-53.5009247643945
3.25,-2.9448452855782,1.47316379642835,0.813383097107511,6.63635296060587,6.51015427323124,-53.4913841318806
3.26,-3.09806858125892,1.03393822946315,1.47760558068286,6.52617202787248,6.43940939669076,-53.4914442445536
3.27,-3.23760183714251,0.600518830437981,2.19142040310253,6.31647384608818,6.36414710388579,-53.5022909952081
3.28,-3.36638757730661,0.177560422408956,2.9399693105342,6.01023642152258,6.28532283070919,-53.5250763359949
3.29,-3.48806973429873,-0.231014558164281,3.70781366299385,5.61396256209281,6.20404396551079,-53.5609011783079
3.3,-3.60673849617691,-0.622166755896009,4.47936618743873,5.13735301444189,6.12162433667824,-53.6107459892281
3.31,-3.72667349589708,-0.993872396933473,5.23935882811914,4.59276529232757,6.03948794040616,-53.6755452738617
3.32,-3.85206153842624,-1.34519053913414,5.97331495236369,3.99450558378454,5.95921574242979,-53.7561140375811
3.33,-3.98678747722441,-1.6762233447091,6.66796889329924,3.35806233919331,5.88253163127642,-53.8531252153031
3.34,-4.13430785574274,-1.98795896588211,7.31160205384233,2.69935436520754,5.8112749209307,-53.9670909598673
3.35,-4.29759867400131,-2.28201513187744,7.89428082145403,2.03404925084271,5.74737198950236,-54.0983368595599
3.36,-4.47915314292869,-2.56032303015153,8.4079969057841,1.37698636048693,5.69280285290563,-54.2469764711543
3.37,-4.68099663355905,-2.82480107809992,8.84672229275824,0.741716998089399,5.64956509864596,-54.4128881654448
3.38,-4.90469153856124,-3.07706624490428,9.20639597188022,0.140159349433919,5.61963767034919,-54.5956963280528
3.39,-5.15131810691724,-3.31821960968236,9.48485931407421,-0.41764239611141,5.604946528428,-54.7947585943301
3.4,-5.42143220855467,-3.54872679576435,9.68175375285888,-0.923668104414486,5.60733343154557,-55.0091601766723
3.41,-5.71501221647289,-3.76839688474007,9.79839052475425,-1.37199373352652,5.6285282252458,-55.2377155464466
3.42,-6.03141074786783,-3.97644899030835,9.83759905467821,-1.75879620860555,5.67013007697537,-55.4789715890045
3.43,-6.3693301104086,-4.17164517043003,9.80355862363473,-2.08229952171196,5.73358511636747,-55.7312223400499
3.44,-6.72684377635036,-4.35246295077073,9.70161637021965,-2.34266723384299,5.8201134915118,-55.9925773400988
3.45,-7.10142092352788,-4.51728892888635,9.53809297066047,-2.54184804056988,5.93078348148621,-56.260897376113
3.46,-7.49002170144792,-4.66460192520897,9.32008190738351,-2.68337908827712,6.06643827786814,-56.5338722148929
3.47,-7.88921033740241,-4.79313745204362,9.05524068115794,-2.77214963927906,6.22767696595394,-56.8090512345156
3.48,-8.29528777807783,-4.90202148010971,8.75157848986533,-2.81413300398079,6.41484179203869,-57.0838724189522
3.49,-8.70443587610287,-4.99086821365754,8.41724475152366,-2.81609565459391,6.62800058472825,-57.3557009664655
3.5,-9.11286061506565,-5.05984137077039,8.06032394426193,-2.78529485362442,6.86693095971106,-57.6218721837887
3.51,-9.51692376727327,-5.10968123700899,7.68864356601194,-2.72917827566847,7.13110698825051,-57.87973876576
3.52,-9.91325378047186,-5.1417015843414,7.30960248577534,-2.65509989672375,7.41968900576684,-58.1267221828322
3.53,-10.2988289801805,-5.15776117206293,6.93002639084795,-2.5700656131177,7.73151713622367,-58.3603674510891
3.54,-10.6710292429067,-5.1602140186137,6.55605543936602,-2.48051965547439,8.06510893268047,-58.5784001600599
3.55,-11.027655867866,-5.15184112736445,6.19306689734717,-2.3921793086147,8.41866133264567,-58.7787842812551
3.56,-11.3669231293232,-5.13576429246235,5.84563283703766,-2.30992135846862,8.79005694919893,-58.9597789488301
3.57,-11.687428540954,-5.11534068596558,5.51751029722172,-2.23771970976544,9.17687456857449,-59.1199921211244
3.58,-11.9881117475297,-5.09403597100625,5.2116590102963,-2.17863025921595,9.57640362094113,-59.2584288585189
3.59,-12.2682136507375,-5.07527450034377,4.93028014825271,-2.13481664994897,9.985662436122,-59.3745319653978
3.6,-12.5272472911951,-5.0622682624509,4.67486871061072,-2.10760905291603,10.4014203514044,-59.4682129025317
3.61,-12.7649896455545,-5.05783160735764,4.44627225453587,-2.09758749776396,10.8202241543431,-59.539871057296
3.62,-12.9814987211084,-5.06419560366072,4.24474965434357,-2.10468127067418,11.2384298372014,-59.5903996919746
3.63,-13.1771536621392,-5.08284239519574,4.07002540427907,-2.12827632416215,11.6522410153977,-59.6211771872053
3.64,-13.3527083674772,-5.11438373671143,3.9213373997591,-2.16732343239493,12.0577553657327,-59.6340424211725
3.65,-13.5093432917124,-5.15850670861999,3.79747872472099,-2.22044097809489,12.4510199202212,-59.6312533393333
3.66,-13.6486975946601,-5.21400232937205,3.69683621690053,-2.2860077726505,12.8280949484883,-59.6154282594411
3.67,-13.7728657724365,-5.27888032847063,3.61742996359323,-2.36224308170211,13.1851245657755,-59.589470320757
3.68,-13.8843490315589,-5.350558741229,3.55695807565288,-2.44727280280713,13.5184104909628,-59.556476637069
3.69,-13.9859601926205,-5.42610428037618,3.51285013746009,-2.53918226651844,13.8244841164978,-59.5196350746543
3.7,-14.080689573576,-5.50249192130783,3.48233095901094,-2.63605729060826,14.1001716709328,-59.4821129013373
3.71,-14.1715462953454,-5.57685107075379,3.46249408705933,-2.73601592245799,14.3426478581086,-59.446942430368
3.72,-14.2613936755898,-5.6466702861282,3.45038245744166,-2.83723384119064,14.5494747658602,-59.4169090499562
3.73,-14.3527983275225,-5.70994085626826,3.44307205017505,-2.93796666244902,14.7186247134752,-59.3944467805319
3.74,-14.4479101974533,-5.76522964357357,3.43775369446869,-3.03657221582067,14.8484876614858,-59.3815457881454
3.75,-14.5483870381209,-5.81168159430463,3.43180842838155,-3.13153521581543,14.9378601625431,-59.3796786393797
3.76,-14.6553644562393,-5.84896242145499,3.42287233008062,-3.22149482639195,14.9859301430619,-59.3897406245567
3.77,-14.7694551964032,-5.87716066490468,3.40888729164726,-3.30527281808628,14.9923039946518,-59.4119783757429
3.78,-14.890824093897,-5.89666046108901,3.38814060546438,-3.38190522495549,14.9568973672841,-59.4460252510442
3.79,-15.0192424724812,-5.90801990076647,3.35928751132253,-3.45066609167517,14.8799631266139,-59.4908696095574
3.8,-15.1541650296284,-5.91186646204361,3.32136136663086,-3.51108481831453,14.7620744490692,-59.5448749013638
3.81,-15.2948082327453,-5.90879687438748,3.27377139375674,-3.56295355619134,14.6041035713221,-59.605825693857
3.82,-15.4402099695058,-5.89936553864172,3.21629042913117,-3.60632192360209,14.4072195939317,-59.6709835837468
3.83,-15.5892864185525,-5.88402791379487,3.14903233939557,-3.64148134503749,14.1728773732525,-59.7371694051387
3.84,-15.7408700860242,-5.86316444889988,3.07242267126882,-3.66893877753752,13.9028168584629,-59.8008557770678
3.85,-15.8937419420198,-5.83709773816243,2.98716288810398,-3.68938342045412,13.5990579333171,-59.8582757908843
3.86,-16.0466559578553,-5.80612093084198,2.89419032451588,-3.70364932436119,13.2638984416501,-59.9055380939041
3.87,-16.1983633186931,-5.7705261276498,2.79463478939124,-3.7126756398329,12.8999015617239,-59.9387525841656
3.88,-16.347652755416,-5.73062634254619,2.68977140942903,-3.71746290060699,12.5098268670945,-59.9541920527954
3.89,-16.4933457931665,-5.68677454969946,2.5809786671833,-3.71904375927524,12.0966961467766,-59.9483575012398
3.9,-16.6343390895854,-5.63936978130303,2.46969149173246,-3.71844466391256,11.663708834468,-59.9181315973092
3.91,-16.7696292493209,-5.58885743504569,2.35735832477054,-3.71665614334872,11.214203745369,-59.8608857943559
3.92,-16.8983340825378,-5.53572375819815,2.24540130790316,-3.7146080822527,10.7516209582813,-59.7745681611324
3.93,-17.0197125344185,-5.48048600705262,2.13517998913451,-3.71314911685583,10.2794540511072,-59.6577759991982
3.94,-17.1331801517576,-5.42368029214667,2.02795947043179,-3.71303057629375,9.80120032036529,-59.5098067866092
3.95,-17.2383192197076,-5.36584863886403,1.92488350055409,-3.7148947631354,9.320310908376,-59.3306857264016
3.96,-17.3348831435416,-5.30752639620174,1.82695282914077,-3.71926729211175,8.84014277433402,-59.1211691839899
3.97,-17.4227967165598,-5.24923053283643,1.7350091919764,-3.7265534943219,8.36390838042729,-58.8827289987103
3.98,-17.5021494744129,-5.19144965171708,1.64972438446147,-3.73703783129544,7.8946365478171,-58.6175100637064
3.99,-17.5731700659673,-5.13463748342518,1.57159240278415,-3.7508834208517,7.43519275219726,-58.3282273417081
4,-17.6362372170268,-5.07920295679249,1.5009327792577,-3.76814301275398,6.98815764811444,-58.0181601075056
4.01,-17.691847289876,-5.02550708947991,1.43789196416129,-3.78876315890738,6.55586290435324,-57.6910189864751
4.02,-17.7405946199001,-4.97385947315875,1.3824512648328,-3.81259391122536,6.14038016415909,-57.3508449738966
4.03,-17.7831524146418,-4.92451599684317,1.33443862665694,-3.83940049491333,5.74351090371386,-57.001907979095
4.04,-17.8202516285199,-4.87767816091984,1.29354324074936,-3.86887588520511,5.36678861518525,-56.6485997016401
4.05,-17.8526600350141,-4.833493700011,1.2593327187391,-3.90065432726554,5.0114863839388,-56.2953291501746
4.06,-17.881161989779,-4.79205843234468,1.23127226351031,-3.93432542847461,4.67862884525357,-55.9464239889518
4.07,-17.9065392843434,-4.75341922486661,1.20874524321007,-3.96944842706161,4.36900749931925,-55.6060402966045
4.08,-17.9295534166929,-4.71757793267158,1.19107458489803,-4.0055662538165,4.08319838732831,-55.2780827318815
4.09,-17.9509295437806,-4.68449614357893,1.17754442162922,-4.04221904057695,3.82158119575707,-54.9661365177015
4.1,-17.9713423289297,-4.65410052991977,1.16742142983067,-4.07895675255414,3.58435897318022,-54.6734121136175
4.11,-17.9914038565335,-4.62628858941367,1.15997530547243,-4.11535064202316,3.37157778208285,-54.4027029123444
4.12,-18.0116537512429,-4.60093455289315,1.15449786982812,-4.15100326716467,3.18314574774778,-54.1563557910949
4.13,-18.0325515988127,-4.57789523930711,1.15032035163138,-4.18555688704694,3.01885110650218,-53.9362539584577
4.14,-18.0544717342341,-4.55701564074972,1.14682844290899,-4.21870010267479,2.8783789827076,-53.7438112197827
4.15,-18.0777004329297,-4.53813404575709,1.14347478760963,-4.25017265952219,2.76132673409163,-53.5799765219938
4.16,-18.1024354621141,-4.52108657422423,1.13978866419212,-4.2797683863702,2.66721780115029,-53.4452475370288
4.17,-18.1287744748585,-4.50568514282876,1.13538273950142,-4.30733631883265,2.59551438032263,-53.3396928909289
4.18,-18.1567730075245,-4.49182270582168,1.12995684838813,-4.33278012089143,2.54562727366324,-53.2629760879029
4.19,-18.1863679561308,-4.47932508390064,1.12329882023049,-4.35605592259444,2.51692634932915,-53.21439687796
4.2,-18.2174388531616,-4.46805160394505,1.11528232637481,-4.37716863808603,2.50875633765852,-53.1929154913797
4.21,-18.2498026379639,-4.45787183023236,1.10586228142763,-4.39616728273866,2.52044241075409,-53.1971972088428
4.22,-18.2832383694005,-4.44866474968431,1.09506924498467,-4.41314072400485,2.55123683792249,-53.2257061680838
4.23,-18.3174708768407,-4.44032094951138,1.08299831355523,-4.42820892791645,2.60043330561634,-53.2766558988688
4.24,-18.3521971320218,-4.4327407908445,1.0698002049157,-4.44151774718881,2.66730945177953,-53.3481067002301
4.25,-18.3870971680212,-4.42583361010153,1.05566991017502,-4.4532320524213,2.75113150243532,-53.4380084761321
4.26,-18.4218431418425,-4.41951685867195,1.04083461024339,-4.46352876374597,2.85116469195711,-53.5442366352966
4.27,-18.45610951118,-4.41371501784679,1.02554162277986,-4.47259030748654,2.96667620490266,-53.6646317524222
4.28,-18.4895823412044,-4.40835852901685,1.01004668053313,-4.48059852209889,3.09693758309666,-53.7970363930546
4.29,-18.5219692219846,-4.40338271663693,0.994602887048939,-4.48772895432137,3.24121984906761,-53.9393340378792
4.3,-18.5530061382702,-4.39872700640547,0.979450782475429,-4.49414606983562,3.39879517300504,-54.0894782022178
4.31,-18.5824477603956,-4.39433534699228,0.964810230872837,-4.50000114589995,3.56899818115898,-54.2454678204223
4.32,-18.6100995147377,-4.39015412807491,0.950872645372044,-4.50542578780511,3.75111501675454,-54.4054595598776
4.33,-18.635804169698,-4.38613322016975,0.93779619957935,-4.51053157671054,3.94444605904304,-54.5677319822754
4.34,-18.6594429977828,-4.38222622031534,0.925702442152825,-4.51540874241797,4.14830420760108,-54.7306980395547
4.35,-18.6809358767707,-4.3783909773062,0.914674353010512,-4.52012500217709,4.36201172429524,-54.8929141586843
4.36,-18.700244193474,-4.37460438082161,0.904756533515976,-4.52472594559465,4.58489900948841,-55.0530861247073
4.37,-18.717364184453,-4.37080307355028,0.895960066796339,-4.52924078160552,4.81623201653777,-55.2101127516121
4.38,-18.7323248700289,-4.3669783058163,0.888260336084965,-4.53367619647294,5.05533195744254,-55.3630028200341
4.39,-18.7451825709901,-4.36311180497506,0.881603901001312,-4.538022069388,5.30148995561953,-55.510923537146
4.4,-18.7560201020539,-4.35919292292091,0.875913813028757,-4.54225445028815,5.55396652553522,-55.6531931545122
4.41,-18.7649237011298,-4.35521964881771,0.871100356878294,-4.54634892920961,5.81205171964647,-55.7892234182606
4.42,-18.7720071964887,-4.3511983403678,0.86705670641898,-4.55026286939203,6.07495844585627,-55.9185884099075
4.43,-18.7773897036889,-4.34714408580497,0.863670326268132,-4.55394969887318,6.34187976923687,-56.0409680277834
4.44,-18.781201651575,-4.34307791208605,0.860840077265677,-4.55738181081928,6.61192201744329,-56.1561838600854
4.45,-18.783563825756,-4.33903068965423,0.858458527293953,-4.56051349014179,6.88420860072606,-56.2641121233758
4.46,-18.784596872712,-4.3350394640509,0.856428563961493,-4.56330459253476,7.15780377524681,-56.364728504585
4.47,-18.7843982068714,-4.33114564503007,0.854680283872562,-4.5657485342634,7.43178446001297,-56.4580592821581
4.48,-18.7830778832624,-4.32739655985773,0.85313962405932,-4.56781003670276,7.70509556183322,-56.5442366959002
4.49,-18.7807389532381,-4.32383916630235,0.851771233795538,-4.56950422337637,7.97652702763988,-56.6234753366011
4.5,-18.7774409179057,-4.32051729491147,0.850566913813248,-4.57087296424475,8.24524467383266,-56.6960148781473
4.51,-18.773261745317,-4.31748115777599,0.849502974487296,-4.57190988442318,8.51003523602785,-56.7621512333838
4.52,-18.7682668666877,-4.31477684546333,0.848579256434946,-4.57263466493157,8.76968878252734,-56.8222308826501
4.53,-18.7625082437917,-4.31244544585788,0.847813821531233,-4.57308644590905,9.0230195678253,-56.8766366332334
4.54,-18.7560298651268,-4.31052283253254,0.847234706942539,-4.57331276467076,9.26883196786488,-56.9257813451567
4.55,-18.7488698473315,-4.30903862932002,0.846876119938144,-4.5733671316085,9.50593006102065,-56.970101452723
4.56,-18.7410623976937,-4.30801540320435,0.846774619513329,-4.57330676535199,9.73312910275636,-57.0100495371705
4.57,-18.7326398252256,-4.30746810567075,0.846965264033085,-4.57319018178594,9.94926788269172,-57.046086410475
4.58,-18.7236345281685,-4.30740375652601,0.847477913198704,-4.57307471988373,10.1532216066805,-57.0786728042361
4.59,-18.7140825949995,-4.30782026803335,0.848323133488525,-4.57299167115206,10.3439271641702,-57.1082562996051
4.6,-18.7040251798412,-4.30871473493406,0.849488597494082,-4.57294264635795,10.5203991019405,-57.1352626769099
4.61,-18.6934940475208,-4.31006355311617,0.851032914888653,-4.57309867268433,10.6816267778828,-57.1601213340165
4.62,-18.6825450635811,-4.31184533251321,0.852913188302076,-4.57344127988388,10.8267775821191,-57.1832049524974
4.63,-18.6712441994826,-4.31403240335852,0.85507236833382,-4.57394717663545,10.9550963329636,-57.2048517365448
4.64,-18.6596336763435,-4.31658564278637,0.857489399757615,-4.57468076673723,11.06597757393,-57.2253244962985
4.65,-18.6477893553232,-4.31946644994112,0.860086205990501,-4.57561745364172,11.1588860398146,-57.2448557693437
4.66,-18.6357904572482,-4.32263243605159,0.862772387189977,-4.57672412502151,11.2334208878777,-57.2636129277044
4.67,-18.6237176566722,-4.32603853096004,0.865447847695702,-4.57796103824691,11.2893241111608,-57.2816930829358
4.68,-18.6116616596031,-4.32963482406122,0.868023712158717,-4.57931638772788,11.3264208253534,-57.2991622444714
4.69,-18.5997110788273,-4.33337460271839,0.870383641238279,-4.58073169365579,11.3447208748516,-57.315990704161
4.7,-18.5879564992693,-4.33721163468252,0.872410657753707,-4.5821468126002,11.3443637261281,-57.3320913062794
4.71,-18.5764884470665,-4.34110125508998,0.873990881306186,-4.58350268788903,11.3256170597237,-57.3473233171257
4.72,-18.5653948605078,-4.34500181550126,0.875014600803871,-4.58473933522373,11.2888790670564,-57.3614944275947
4.73,-18.5547591529298,-4.34887561365763,0.875379871083552,-4.58579867241143,11.2346730639801,-57.3743682034518
4.74,-18.5446583239229,-4.35268970739818,0.874995903604902,-4.58662730657002,11.1636405836632,-57.3856728580492
4.75,-18.5351612464572,-4.35641659173231,0.873786111275072,-4.5871791209033,11.0765329480193,-57.3951111396893
4.76,-18.526327222579,-4.36003471921405,0.871690701202496,-4.58741753836411,10.9742014633506,-57.4023709539944
4.77,-18.5182048792907,-4.36352885015294,0.868668723298853,-4.58731734705374,10.8575864301304,-57.4071363722309
4.78,-18.5108314463768,-4.36689022394382,0.864699494453303,-4.58686598540568,10.7277051403975,-57.4090987316567
4.79,-18.5042324434548,-4.3701165430547,0.859783347755521,-4.58606422706071,10.585639004671,-57.4079675224945
4.8,-18.4984217959048,-4.37321176704762,0.853941701066022,-4.58492626293278,10.4325199847547,-57.4034806934905
4.81,-18.4934023886003,-4.37618572619085,0.847216474099216,-4.58347922178774,10.2695165548631,-57.3954139855437
4.82,-18.4891670315972,-4.37905357642961,0.839668899074963,-4.58176218983855,10.0978194069738,-57.3835889849974
4.83,-18.4856997654254,-4.38183512167422,0.831377785965511,-4.57982480470185,9.91862709664384,-57.3678796565709
4.84,-18.4829774392356,-4.38455402771755,0.822437322948705,-4.57772552880885,9.73313182972035,-57.3482171361354
4.85,-18.4809715181316,-4.38723696020218,0.812954514991389,-4.57552973348411,9.54250560044015,-57.3245926505144
4.86,-18.4796505273458,-4.38991228496839,0.803048943402538,-4.57331224234337,9.34788074949619,-57.2970626118299
4.87,-18.4789819890216,-4.392609195253,0.792849786338756,-4.57115527538749,9.15033781480725,-57.2657473439598
4.88,-18.4789298794375,-4.39536052274945,0.782469821697062,-4.56910585483291,8.95095003927842,-57.2307904536455
4.89,-18.4794645966258,-4.39819533293321,0.772044088264419,-4.56724760389918,8.75067253314156,-57.1924206728462
4.9,-18.4805598672712,-4.40114192984337,0.761703940413763,-4.56565817977046,8.55039045777054,-57.1509068330321
4.91,-18.4821937069809,-4.40422727061488,0.751574512894697,-4.56440794843539,8.3509138360911,-57.1065479880189
4.92,-18.4843463898175,-4.40747581040214,0.741778783215845,-4.56356987444516,8.15297191608787,-57.0596626306738
4.93,-18.4870012200031,-4.41090901290303,0.732435351343033,-4.56321803045336,7.95721092782919,-57.0105779412737
4.94,-18.4901716927488,-4.41454606272281,0.723631109525923,-4.56338091996195,7.76416345591532,-56.9596646701237
4.95,-18.493843125076,-4.41840046837257,0.715478369575062,-4.56414191987735,7.57434559642308,-56.9072454216454
4.96,-18.4980303763423,-4.4224852289013,0.708018525540718,-4.56548632054036,7.38814515405956,-56.8535768748372
4.97,-18.5027290858086,-4.42680398242026,0.701333730175517,-4.5674723447823,7.20594717133846,-56.7989431011147
4.98,-18.5079342727213,-4.43135432262002,0.695484512054971,-4.57013612268528,7.02811278133538,-56.7435896961049
4.99,-18.5136358495845,-4.4361265658158,0.690506848366144,-4.57348631640035,6.85501120442323,-56.6877246316522
5,-18.5198135049145,-4.44110083559123,0.686419183426615,-4.57751609392738,6.68702481807661,-56.63153783412
